Dimension 1,Dimension 2,Dimension 3,Video,Label
4.3380747,-0.13110162,-4.280875,0001.mp4,0
-7.163595,6.309113,8.653456,0002.mp4,1
-3.8708384,-6.757218,4.6271863,0003.mp4,2
-3.3284142,-4.39175,5.522941,0004.mp4,2
6.0924673,-1.1518676,0.3033127,0005.mp4,3
-10.548319,5.591968,6.581295,0006.mp4,1
-0.3489854,6.8527827,-4.7594843,0007.mp4,4
0.8679382,11.935873,-5.8591523,0008.mp4,4
1.7806361,-12.679512,-1.5751626,0009.mp4,5
5.343281,7.640567,15.725726,0010.mp4,6
-6.935765,-5.6334643,-1.1896214,0011.mp4,2
-4.227373,-5.1056724,-6.8363748,0012.mp4,2
-6.000479,-10.819019,3.807394,0013.mp4,2
-0.61415195,-10.202277,-3.6078815,0014.mp4,7
8.574389,-2.493333,-7.6188116,0015.mp4,8
1.9153299,6.983774,-8.462816,0016.mp4,4
-2.8353257,-5.7543044,-6.493651,0017.mp4,3
4.7344303,3.0491786,10.862352,0018.mp4,6
-0.7823799,17.190317,-0.5471388,0019.mp4,9
-1.5171354,9.606534,-4.326093,0020.mp4,4
12.246693,-1.3148123,3.8807564,0021.mp4,10
-2.4857464,-5.1106677,-8.986095,0022.mp4,11
-0.69557405,9.221535,-3.3999326,0023.mp4,4
4.434132,-3.5060167,0.9243337,0024.mp4,3
9.8376,0.6872714,-9.453828,0025.mp4,8
2.5171576,12.082351,-8.552053,0026.mp4,4
-0.114445195,-6.3426337,1.120994,0027.mp4,2
11.657346,-0.29279628,7.1793737,0028.mp4,10
-0.68770945,5.762886,-9.411778,0029.mp4,12
10.667954,0.03752532,6.8133016,0030.mp4,10
1.4265088,-1.1427735,-4.621611,0031.mp4,13
-5.0585976,0.1628522,-5.23891,0032.mp4,2
-2.0268075,3.908035,-0.45951945,0033.mp4,0
-2.075083,3.968166,-0.43684134,0034.mp4,0
-9.933472,-11.958151,-5.1851735,0035.mp4,14
-1.4835387,4.556499,17.62842,0036.mp4,15
-5.624168,-0.850693,6.33869,0037.mp4,2
-1.1901824,-4.5703063,-7.5777526,0038.mp4,2
-4.1137433,3.297617,-5.528331,0039.mp4,12
-5.199348,-2.4436424,-2.6377275,0040.mp4,2
-1.8961788,-5.0196424,-9.326259,0041.mp4,12
-1.5927433,7.674965,-5.4007325,0042.mp4,4
-5.2780433,-7.867875,-1.9509401,0043.mp4,16
0.48474008,6.013586,17.22056,0044.mp4,15
7.284954,-2.1673653,-10.327547,0045.mp4,13
9.407162,-0.9075508,-9.979568,0046.mp4,13
-9.347181,-4.0272083,3.7372289,0047.mp4,2
10.824519,-2.1460922,8.861871,0048.mp4,10
-8.37997,7.31621,7.692806,0049.mp4,1
-9.268657,-3.1045847,0.94757146,0050.mp4,2
10.877506,-6.57433,3.6802301,0051.mp4,5
-1.8346243,-0.7816079,8.821071,0052.mp4,17
6.276126,-2.291977,8.356086,0053.mp4,10
-0.23294014,-11.313,-3.687508,0054.mp4,18
1.1768781,8.842999,-9.775891,0055.mp4,4
-6.330225,-2.743634,4.4854126,0056.mp4,2
5.5707855,9.682661,14.413537,0057.mp4,6
0.90698034,11.581094,-9.873538,0058.mp4,4
1.3579369,-13.229693,-0.493115,0059.mp4,5
0.5545684,5.8093395,-8.4676075,0060.mp4,12
0.9385416,12.056292,-4.034236,0061.mp4,4
10.5741205,-3.1942286,2.6081781,0062.mp4,19
-1.683233,6.9714084,-1.3669212,0063.mp4,0
-0.38730466,8.553869,-6.960307,0064.mp4,4
3.3195927,-4.453718,-6.7201705,0065.mp4,8
-6.263385,-4.2706485,5.442018,0066.mp4,2
3.2079308,-12.460969,-0.037600342,0067.mp4,5
1.6306391,-0.6851315,-8.861072,0068.mp4,8
-4.294603,1.5739478,6.169224,0069.mp4,2
-4.454757,-6.335855,4.106931,0070.mp4,2
4.3244195,-2.932639,-6.0050707,0071.mp4,2
-3.3411422,-3.8592837,4.853119,0072.mp4,2
12.912402,-1.2233723,4.6269197,0073.mp4,10
-7.4547687,-7.214657,5.2830377,0074.mp4,2
-2.9683967,3.515127,15.132423,0075.mp4,15
0.17040801,1.4752383,-3.816176,0076.mp4,0
4.5483217,3.058138,-1.2500321,0077.mp4,0
2.0717933,9.317219,-2.3655932,0078.mp4,4
7.1167703,-2.0491762,5.0917335,0079.mp4,10
-7.1794224,-6.201507,6.200521,0080.mp4,2
12.8309765,-2.3992016,4.543199,0081.mp4,10
-6.1696844,-8.117496,4.4558935,0082.mp4,2
-11.371989,-8.298002,-0.92393774,0083.mp4,2
-0.51844203,11.678293,-4.943732,0084.mp4,4
-3.9284823,3.4078484,-0.09045774,0085.mp4,0
-5.6906686,-4.0753303,-1.6052662,0086.mp4,2
-8.987446,-9.750034,0.7219706,0087.mp4,2
-5.2635145,-2.192125,-0.21965322,0088.mp4,2
6.9506373,-7.6189203,-0.29197896,0089.mp4,20
0.34710723,13.388399,-6.880553,0090.mp4,4
-1.1709762,-0.47096637,6.16363,0091.mp4,2
-0.71168405,8.733629,-1.357886,0092.mp4,21
-1.7286166,-2.5999398,0.4908901,0093.mp4,22
-10.731324,-8.727991,-2.9781368,0094.mp4,2
5.984499,-6.88886,0.13500205,0095.mp4,20
6.6801386,-1.1835711,-9.9093895,0096.mp4,13
8.194995,-1.4832863,-9.900126,0097.mp4,13
-13.158183,-9.314393,-4.505401,0098.mp4,14
-3.913411,-5.585301,-2.0604684,0099.mp4,2
-8.1016035,-10.623868,-2.2776585,0100.mp4,16
-6.30312,-7.753408,3.0601723,0101.mp4,2
-6.440233,-4.5516963,4.220052,0102.mp4,2
2.1299348,6.1971083,-0.5888029,0103.mp4,3
5.2683625,-8.436984,0.572906,0104.mp4,20
0.6622536,-5.4770904,1.1834985,0105.mp4,2
6.483003,2.75788,7.228086,0106.mp4,10
8.542819,-4.764077,-4.004983,0107.mp4,19
-1.7590513,-0.7170416,9.110233,0108.mp4,17
7.8961873,-4.644223,-5.2543187,0109.mp4,8
0.9095466,19.511139,0.23038132,0110.mp4,9
0.87547463,4.581148,16.9427,0111.mp4,15
6.1145034,6.6137266,13.211382,0112.mp4,6
-10.34593,-9.778547,-6.3896837,0113.mp4,14
-7.554954,3.587593,6.1246753,0114.mp4,2
-0.18810849,-3.0116065,-7.4132257,0115.mp4,2
-2.5796118,4.7408953,17.577608,0116.mp4,15
1.5536971,4.206379,3.3752458,0117.mp4,23
4.5226364,4.7385006,-1.8302416,0118.mp4,4
5.0785923,-2.9052083,5.870548,0119.mp4,10
0.29079732,-4.7272677,-0.36624554,0120.mp4,2
0.6529763,-4.6707034,-5.1033998,0121.mp4,16
1.0311584,-5.229356,0.08836378,0122.mp4,2
-7.111601,-8.735842,-1.8569713,0123.mp4,2
7.063811,-4.737859,4.2719417,0124.mp4,10
-0.63916266,3.5204165,16.598808,0125.mp4,15
-4.882025,-9.995306,-6.2942,0126.mp4,16
8.811221,-5.071502,-1.9158322,0127.mp4,20
6.6179175,-7.4118204,-0.5963461,0128.mp4,20
7.959033,-4.1744833,-1.915346,0129.mp4,8
4.778915,6.431009,12.499809,0130.mp4,6
-3.3090866,1.4676557,6.1772265,0131.mp4,2
6.045024,-6.4008756,-0.5698735,0132.mp4,20
9.675512,-2.0563173,-2.8859487,0133.mp4,8
1.7686235,5.1241283,-0.6834962,0134.mp4,2
11.174786,-3.2510707,4.2143407,0135.mp4,10
4.537265,4.709989,-1.8812006,0136.mp4,12
10.41068,-3.5470393,-3.2501678,0137.mp4,8
5.0717564,6.223106,12.357757,0138.mp4,6
1.3467025,5.7593637,15.4779825,0139.mp4,6
4.558302,6.251416,12.218969,0140.mp4,6
11.735681,-1.2817978,4.3083444,0141.mp4,10
-8.640413,5.2135215,6.7784953,0142.mp4,1
4.0400395,-3.294713,-4.3467774,0143.mp4,8
-1.1347759,17.64446,-0.26676497,0144.mp4,9
4.0530725,0.637133,-6.7792363,0145.mp4,8
-0.30308077,5.752575,-9.59235,0146.mp4,12
-2.74581,11.06731,-1.4054028,0147.mp4,4
0.82136106,4.2020507,-5.252697,0148.mp4,12
1.4487191,10.645744,-8.758324,0149.mp4,4
-8.698821,-11.485996,-7.8367386,0150.mp4,14
-7.839373,-7.0178027,-0.7601749,0151.mp4,2
0.5541983,17.652912,1.4473288,0152.mp4,9
8.234963,-2.4628763,0.09061751,0153.mp4,19
8.79018,-5.9335356,-1.2468343,0154.mp4,22
0.37035108,-0.2926102,1.6873553,0155.mp4,3
-1.8047779,-1.0651124,-8.352479,0156.mp4,24
1.397031,-0.5334145,-1.4901818,0157.mp4,0
6.9043937,-3.2309418,3.0569913,0158.mp4,5
-1.4139587,-2.7941573,1.2120783,0159.mp4,2
3.6666992,-3.496641,-5.233419,0160.mp4,2
-5.324128,-7.2537,-1.6698123,0161.mp4,2
5.9093394,7.5869403,15.1023,0162.mp4,6
-2.3206801,-0.2961642,-2.26389,0163.mp4,2
-4.530554,-8.36838,-6.8932347,0164.mp4,16
-6.926842,-8.941391,-3.7231717,0165.mp4,16
9.015323,-4.9847083,-2.0490346,0166.mp4,8
-5.3883767,-1.1331137,-3.4399838,0167.mp4,2
-9.064801,-7.9939985,-2.7103224,0168.mp4,2
-1.3197219,1.3332598,-2.011869,0169.mp4,0
5.2008033,-4.2836485,-3.3977659,0170.mp4,22
0.17647251,10.224375,-7.2141957,0171.mp4,4
-10.0488615,-4.512656,-0.7312532,0172.mp4,2
-2.346299,-5.775864,-6.8616276,0173.mp4,11
-4.58033,-2.653132,-2.3906927,0174.mp4,2
-0.23407309,9.609393,-5.236368,0175.mp4,4
-9.14074,7.2968698,7.771626,0176.mp4,1
-4.261755,-6.097322,2.6583188,0177.mp4,2
-6.8305297,5.387599,6.8704658,0178.mp4,2
6.3894506,-1.9708014,7.640618,0179.mp4,10
1.9750334,11.046517,-8.872389,0180.mp4,4
12.565866,-5.8873453,-2.3324816,0181.mp4,5
-5.884558,-1.4391129,-3.9408925,0182.mp4,2
-8.126355,-2.7831068,3.0340066,0183.mp4,2
-9.106462,-11.061741,-6.0783978,0184.mp4,14
-2.6354117,1.4333097,-6.9871173,0185.mp4,12
11.5964155,-2.2764943,3.223254,0186.mp4,10
10.8430195,-3.1452336,9.880472,0187.mp4,10
-6.7506747,-5.1085644,1.9011902,0188.mp4,2
2.56147,0.07555724,-3.8749065,0189.mp4,2
9.49967,-0.3029099,-9.626226,0190.mp4,8
-2.4546456,-2.4736545,-7.4003944,0191.mp4,2
-7.0925994,-6.2043395,-4.431114,0192.mp4,14
-9.614116,7.9639325,5.8092756,0193.mp4,1
-9.861367,-5.706667,2.359388,0194.mp4,2
10.189825,-4.8064957,-2.5584395,0195.mp4,19
-1.08214,15.589653,-0.59711426,0196.mp4,9
11.254259,-6.5460997,4.672437,0197.mp4,10
1.5257058,12.391807,-8.096754,0198.mp4,4
-2.5163765,9.371389,-1.2496908,0199.mp4,4
-5.0170207,-3.4724343,-0.23252033,0200.mp4,2
-6.974243,8.039574,7.446397,0201.mp4,1
0.09870735,-3.120109,-8.124653,0202.mp4,2
0.8869499,6.775904,3.6830566,0203.mp4,23
-2.783646,3.4590523,17.75323,0204.mp4,15
-2.824073,5.5379567,-0.9003565,0205.mp4,0
-4.333832,-5.8900137,-7.7562737,0206.mp4,25
-7.0510354,-10.985603,-6.8855286,0207.mp4,16
3.581562,-13.224962,-1.2954063,0208.mp4,5
4.157252,-4.2986073,5.0523977,0209.mp4,2
-1.1957226,-0.9116765,3.6640754,0210.mp4,2
5.0717087,-7.697855,-0.37516588,0211.mp4,20
-0.8376575,18.58279,-0.07678668,0212.mp4,9
9.935315,-3.274845,2.9974396,0213.mp4,19
8.253451,-2.4556503,10.542445,0214.mp4,10
-9.128336,-5.299479,-0.5348984,0215.mp4,2
13.200858,-1.5735354,4.6188436,0216.mp4,10
-0.5174899,11.676602,-9.449326,0217.mp4,12
8.457546,-4.7277756,4.6033354,0218.mp4,10
0.86166906,11.106856,-9.800582,0219.mp4,4
-0.31037503,5.4807096,-6.188569,0220.mp4,12
-1.0108192,-0.8953429,3.626827,0221.mp4,2
-0.310506,-6.197015,4.107167,0222.mp4,2
10.220093,-1.6093313,6.0046983,0223.mp4,10
-5.9121466,-4.231796,-1.8187176,0224.mp4,2
8.064297,-4.947974,5.9313664,0225.mp4,10
2.1574643,-12.588038,-0.87947893,0226.mp4,5
-2.2357574,-0.71211904,7.7517076,0227.mp4,2
-0.0600867,5.157294,-9.298324,0228.mp4,12
-3.4348214,2.1021,-6.986613,0229.mp4,12
-0.19665141,5.5095787,-6.193684,0230.mp4,12
0.3440157,-1.2012005,-5.6480527,0231.mp4,0
-2.1912203,-0.023904216,-2.8186507,0232.mp4,2
0.9334283,9.938543,-2.1469965,0233.mp4,21
11.536978,-1.5083444,-1.8685155,0234.mp4,19
10.447316,-2.4126031,10.325648,0235.mp4,10
10.233639,-3.9775958,0.8767078,0236.mp4,19
-7.034353,-3.61653,4.1698737,0237.mp4,2
10.606996,-5.106363,-1.2271326,0238.mp4,19
1.6603243,0.21195355,-8.691814,0239.mp4,26
10.93703,-4.643557,-0.025444832,0240.mp4,19
-12.272146,-7.128684,-2.1578364,0241.mp4,2
2.9951668,6.635202,13.255667,0242.mp4,6
12.779639,-2.7365973,6.0842223,0243.mp4,10
10.886017,-2.0211563,8.479574,0244.mp4,10
-7.3794785,-1.9715493,3.8778338,0245.mp4,2
-6.1363945,0.67192274,-2.917626,0246.mp4,0
-3.7731364,-3.5323186,3.9934852,0247.mp4,2
-1.2822702,7.7347746,-3.3047793,0248.mp4,0
6.5611906,-1.3127536,-7.316435,0249.mp4,8
-0.0019367903,-0.05516959,-1.0787576,0250.mp4,0
-2.1057525,7.8229537,-4.2925534,0251.mp4,0
5.892785,-5.8338704,-0.17284201,0252.mp4,20
-3.4736552,4.499405,-2.807271,0253.mp4,0
0.8027755,-5.2639136,0.04382138,0254.mp4,2
-9.538527,-10.087792,-8.738849,0255.mp4,14
-6.635916,-2.2429183,4.185022,0256.mp4,2
-12.310646,-6.821457,-1.4439287,0257.mp4,2
-9.759719,-8.314483,2.3443315,0258.mp4,2
8.745499,-5.4154387,-0.39335653,0259.mp4,19
-9.371032,-6.8036227,0.074847355,0260.mp4,2
-3.0657637,-0.031674415,-0.7616436,0261.mp4,2
5.4081216,-0.46434328,-6.576431,0262.mp4,8
-6.740306,6.1252317,6.728714,0263.mp4,1
-5.3960385,-1.5638508,-6.4602094,0264.mp4,26
-0.64769554,-3.7669153,-7.4238462,0265.mp4,2
12.711385,-2.6233327,6.1909904,0266.mp4,10
-2.5010314,3.4178433,15.302084,0267.mp4,15
4.043982,4.4463234,8.189089,0268.mp4,10
7.3469977,-5.138282,-6.488482,0269.mp4,8
-2.926454,-4.2597427,2.4069111,0270.mp4,2
10.988051,-2.812478,9.749709,0271.mp4,10
0.8728127,-1.3065038,3.868664,0272.mp4,3
-8.753043,-9.599424,-2.0468526,0273.mp4,2
-9.089623,-8.751067,-6.5817466,0274.mp4,12
-2.248917,-0.83776057,-8.28335,0275.mp4,24
1.6543745,-12.195055,-2.5697622,0276.mp4,5
-7.855218,-8.193673,-0.5970915,0277.mp4,2
6.8042684,-4.8277493,-0.04725587,0278.mp4,19
11.12019,-3.9359515,-3.7842412,0279.mp4,8
-0.9507986,1.7438722,-8.199249,0280.mp4,12
-8.953524,-8.737704,2.0424392,0281.mp4,2
-5.054816,-2.283158,-0.19242246,0282.mp4,2
-2.314103,1.3728423,15.045494,0283.mp4,15
-0.5580178,18.570099,0.39683157,0284.mp4,9
-0.8733325,-0.09120113,7.428823,0285.mp4,17
-11.299558,-5.646987,-5.6835337,0286.mp4,12
1.4490517,10.270133,-0.8961628,0287.mp4,21
8.240892,-3.4325178,7.4202905,0288.mp4,10
-0.9071428,12.367706,-7.789091,0289.mp4,4
-4.653428,-0.22558315,5.6355796,0290.mp4,2
-6.6367435,-0.49935335,0.7108617,0291.mp4,2
-8.352152,-7.4750123,2.149587,0292.mp4,2
-2.337921,-5.745714,-8.474026,0293.mp4,11
-4.8242135,-2.5022886,4.5681853,0294.mp4,2
0.65368295,-0.16921037,-1.1415168,0295.mp4,22
-9.194755,-5.1136928,5.5393906,0296.mp4,2
-4.789479,-6.8352633,-1.3464831,0297.mp4,2
-2.8699706,-5.7218795,-8.744163,0298.mp4,11
3.0452166,-12.909384,-1.1286839,0299.mp4,5
1.3081925,-11.918632,-3.2498717,0300.mp4,16
-9.321327,6.168043,7.060303,0301.mp4,1
2.3875303,1.2102267,-5.8479595,0302.mp4,12
0.50472736,7.5943036,2.3189802,0303.mp4,23
-0.97209966,11.763379,-8.866228,0304.mp4,4
-2.8963733,-1.4344221,1.4258877,0305.mp4,2
7.6718636,-0.10780678,6.0035305,0306.mp4,10
-11.199445,-9.063553,-6.7423444,0307.mp4,14
10.6415415,-1.1056473,4.362233,0308.mp4,10
6.318579,7.7663736,14.554581,0309.mp4,6
-2.7077432,2.7561436,6.4130635,0310.mp4,23
-0.13407294,18.57747,0.348074,0311.mp4,9
4.720496,-3.5813591,1.9596764,0312.mp4,19
4.553302,-7.729082,-0.39096665,0313.mp4,20
-0.4431651,-10.57971,-4.170523,0314.mp4,12
-9.491089,8.252201,7.52761,0315.mp4,1
5.6974516,-4.7287517,-4.505053,0316.mp4,27
0.7985931,8.758268,-2.0204172,0317.mp4,21
1.5700872,9.81675,-2.1993132,0318.mp4,4
-9.998785,-10.582727,-7.93387,0319.mp4,14
4.324586,7.1086235,15.421998,0320.mp4,6
-1.6478709,0.3823636,-2.7728598,0321.mp4,22
-9.4734,-10.41962,-8.238911,0322.mp4,14
-1.8392953,-1.8650821,-7.5273604,0323.mp4,2
3.2576733,-3.8870378,-6.4823585,0324.mp4,13
-1.4149157,8.810551,-0.58865184,0325.mp4,21
0.19536024,-5.440821,1.326688,0326.mp4,2
0.7717358,5.5452924,16.309362,0327.mp4,15
-10.800574,-7.200505,-2.053512,0328.mp4,2
6.5416455,-1.1121963,-9.7981615,0329.mp4,13
0.76508474,4.390909,-4.918632,0330.mp4,12
-6.235041,-7.845488,-3.5746932,0331.mp4,16
2.1466472,5.024102,3.4234414,0332.mp4,3
1.1791146,-12.781318,-0.92149854,0333.mp4,5
5.7529902,0.3757007,-4.241914,0334.mp4,8
4.765918,1.4589621,-4.1624823,0335.mp4,10
-5.3710213,2.1129277,3.4191449,0336.mp4,2
5.4828663,8.482065,15.499701,0337.mp4,6
4.3378596,-4.098082,-1.0111771,0338.mp4,22
-0.12329891,12.937437,-9.373482,0339.mp4,28
-1.5343231,0.7103614,-2.6772914,0340.mp4,2
0.105483636,-1.1803107,-5.5814066,0341.mp4,0
0.6228292,-4.7447796,-5.0697207,0342.mp4,16
-2.085473,0.055444077,-3.3457913,0343.mp4,0
-11.648495,-11.742343,-6.1400876,0344.mp4,14
11.621732,-5.4248075,4.6100945,0345.mp4,10
-3.8835742,-1.1585033,1.4488691,0346.mp4,2
1.5474404,4.53532,-0.8407302,0347.mp4,2
-0.021041526,13.049126,-9.277124,0348.mp4,28
2.518361,7.531834,-8.982768,0349.mp4,4
-2.060621,4.049185,15.924532,0350.mp4,15
-3.6914003,4.460518,5.682576,0351.mp4,23
2.077373,2.0626268,-2.5445006,0352.mp4,0
-0.31570902,-0.2941676,-6.717251,0353.mp4,22
-9.774923,8.418892,6.6787343,0354.mp4,1
12.40092,-2.1429431,7.4319916,0355.mp4,10
-9.643315,8.529001,6.868451,0356.mp4,1
-6.7821484,-2.3352203,-4.6029873,0357.mp4,12
-2.8675263,-4.414556,-3.6868544,0358.mp4,2
5.0903897,7.9648457,14.77503,0359.mp4,6
-1.6235873,10.338191,-1.5909142,0360.mp4,4
-8.821538,-9.276657,2.114156,0361.mp4,2
2.7792945,6.412788,15.383425,0362.mp4,6
7.049315,-5.550305,-7.054055,0363.mp4,27
10.597598,-5.146581,-3.2368171,0364.mp4,8
-0.29640958,18.765501,0.37951785,0365.mp4,9
-10.831289,-11.775705,-5.035762,0366.mp4,14
1.4812553,1.0464132,1.9206208,0367.mp4,3
-9.85402,7.583202,6.8219748,0368.mp4,1
-1.0419109,4.7907615,17.861637,0369.mp4,15
6.9451036,-3.9427464,-9.023409,0370.mp4,13
-2.289751,-4.544481,5.250182,0371.mp4,2
8.344192,-1.725194,-9.839997,0372.mp4,13
4.2920947,3.2430696,8.012223,0373.mp4,6
8.632846,0.9644103,-9.980478,0374.mp4,8
8.046767,1.1243426,-10.472759,0375.mp4,13
6.5060196,9.618441,13.721609,0376.mp4,6
9.2323,-0.48256716,-10.054322,0377.mp4,13
-9.825679,7.402248,6.3660755,0378.mp4,1
10.405576,-1.3755134,-7.0558953,0379.mp4,8
-9.409052,-10.146756,0.88815767,0380.mp4,2
1.0098344,4.7692432,-7.871872,0381.mp4,12
3.1079805,0.48957056,4.2917647,0382.mp4,3
11.318402,-5.7636228,4.0264206,0383.mp4,10
1.039715,11.809963,-5.2913475,0384.mp4,4
8.020006,1.052873,-10.59948,0385.mp4,13
-3.0158381,3.0135088,-7.182375,0386.mp4,12
10.839513,-5.4814353,-1.4304947,0387.mp4,19
-8.335538,-7.248901,-0.07486108,0388.mp4,2
8.3513155,-3.5277462,-8.094406,0389.mp4,8
0.0075152675,1.8741548,-3.6857383,0390.mp4,0
1.2124988,10.401951,-5.2001033,0391.mp4,4
-11.208443,-9.837212,-4.3725214,0392.mp4,14
9.607224,-2.776561,9.57931,0393.mp4,10
-2.9461312,5.107013,-2.7169938,0394.mp4,0
9.546216,0.14614849,-9.703682,0395.mp4,8
-0.3519376,10.326299,-4.093161,0396.mp4,4
1.1377916,11.175759,-9.130353,0397.mp4,4
4.9021997,-3.6377008,3.154091,0398.mp4,5
-2.837283,-4.4980235,-3.9420774,0399.mp4,2
0.25035703,5.4620647,16.966183,0400.mp4,15
-0.63106054,-10.036414,-3.5938869,0401.mp4,7
0.87290186,-1.8359338,-8.421495,0402.mp4,24
-12.219336,-7.748025,-2.7219486,0403.mp4,2
-5.2102666,2.82441,-7.134611,0404.mp4,0
4.1919475,0.32257596,-7.6602283,0405.mp4,8
12.232825,-5.307189,2.2561972,0406.mp4,19
-5.143611,-5.2418623,3.5514593,0407.mp4,2
7.8480506,-3.9209533,-7.714943,0408.mp4,8
-4.7351418,2.7126951,-7.2044196,0409.mp4,12
-8.188649,5.9336743,6.0809546,0410.mp4,1
-10.151576,-13.055558,-6.612264,0411.mp4,14
-4.4654346,-0.9317472,-4.614533,0412.mp4,2
-12.583338,-10.1454115,-7.2700176,0413.mp4,14
8.1486435,-4.8239174,4.649713,0414.mp4,10
-7.7593255,-5.8895783,-4.4567156,0415.mp4,26
-5.9973044,-5.0956807,4.307924,0416.mp4,2
5.96588,-8.663256,0.9654464,0417.mp4,20
-0.4309679,10.852387,-9.747432,0418.mp4,12
8.72968,0.49342835,-10.002459,0419.mp4,13
-10.202716,3.5194983,6.3955417,0420.mp4,2
-9.363389,7.2648087,5.131247,0421.mp4,1
7.7964907,-0.3308219,-8.091284,0422.mp4,8
6.40548,7.406076,11.761821,0423.mp4,6
-3.022516,-1.7140079,-4.4486804,0424.mp4,2
-9.515492,-4.772033,-1.288459,0425.mp4,2
-7.7498555,2.0360744,-3.9427903,0426.mp4,0
3.4964206,6.7778707,14.14553,0427.mp4,6
-1.6570543,2.7008045,-1.6325145,0428.mp4,0
-0.844584,19.145014,0.42043892,0429.mp4,9
-7.0586987,-6.4358554,-2.116583,0430.mp4,2
-3.5846198,-0.81335115,1.9350073,0431.mp4,2
-5.0195684,-6.5192094,-0.9598775,0432.mp4,2
-2.2919655,2.447572,16.44338,0433.mp4,15
9.98951,-2.1678565,6.860033,0434.mp4,10
5.790225,-0.8551921,-9.087753,0435.mp4,13
5.6740775,-0.89951897,-9.018615,0436.mp4,13
10.061697,-3.5237005,-3.1725812,0437.mp4,8
-10.928138,-5.5840015,-3.811348,0438.mp4,2
6.2479887,3.8349636,-1.5256149,0439.mp4,3
-7.902804,4.013888,6.83287,0440.mp4,2
5.235185,0.22126107,6.0371323,0441.mp4,10
-6.3616858,-5.7563834,2.3097305,0442.mp4,2
6.2942414,-1.4690826,-6.3286314,0443.mp4,8
10.147589,-2.8680716,5.8210235,0444.mp4,10
-0.68340653,-11.528384,-2.030267,0445.mp4,5
-0.7135982,11.789278,-4.9607086,0446.mp4,4
-9.485424,-8.0035715,0.3114486,0447.mp4,2
5.0467463,-0.21091704,-7.3560557,0448.mp4,8
0.26727575,7.5644827,-0.7429,0449.mp4,21
7.8100033,-4.577021,2.6304665,0450.mp4,8
4.8056536,-2.7071466,-3.157137,0451.mp4,22
-1.9455982,-4.5560827,-0.7824563,0452.mp4,2
0.8222895,0.26865396,3.6650748,0453.mp4,3
-3.9639575,-7.84216,-7.5982327,0454.mp4,16
-1.1488576,2.7886925,13.249612,0455.mp4,15
-0.69471675,4.9800673,17.339449,0456.mp4,15
-4.9530826,0.5695622,4.648937,0457.mp4,2
1.0324488,20.14526,0.6783775,0458.mp4,9
-2.0618453,-0.5597607,-1.2547188,0459.mp4,2
8.55099,-0.12313606,-9.568117,0460.mp4,13
10.358855,-4.420809,-2.5572016,0461.mp4,19
-9.117226,-5.4396496,-0.90357774,0462.mp4,2
-5.251051,1.175134,-3.8128657,0463.mp4,2
9.450567,-1.5319266,7.1447024,0464.mp4,10
3.1886337,6.782087,15.958829,0465.mp4,6
3.2603605,1.9196148,1.4178566,0466.mp4,0
-10.23462,4.938078,6.7395744,0467.mp4,2
0.7052009,-0.091730624,-1.0627338,0468.mp4,22
-4.722805,-1.4409095,2.3305051,0469.mp4,2
2.6157994,6.3392735,-0.19437829,0470.mp4,12
-1.4266127,9.380695,-4.2198873,0471.mp4,4
-8.619086,-5.4950624,-3.870464,0472.mp4,2
2.76761,5.2165937,9.112654,0473.mp4,6
8.12294,-3.6474557,-4.7620893,0474.mp4,8
3.7112842,4.773071,-7.1405225,0475.mp4,4
0.55651295,8.973045,-4.438377,0476.mp4,4
3.4349406,-4.4992332,2.8680186,0477.mp4,5
1.1044645,10.028767,-2.1353571,0478.mp4,4
-11.205024,-9.631151,-4.4689555,0479.mp4,14
-5.203511,-9.207446,-6.611353,0480.mp4,16
11.148927,-4.532615,2.887099,0481.mp4,19
8.344791,-0.15631315,-8.464468,0482.mp4,8
-10.41851,-11.3353615,-5.066278,0483.mp4,14
0.29395944,7.5466604,2.1760006,0484.mp4,23
-6.8924737,3.166185,-1.4783776,0485.mp4,0
-8.258059,-5.1028056,2.8088129,0486.mp4,2
-11.383257,-5.6340795,-5.5822024,0487.mp4,12
-4.796342,2.663489,-7.3833814,0488.mp4,12
9.486975,-1.0517935,-9.942637,0489.mp4,13
8.839362,-6.1556864,-6.6606455,0490.mp4,5
-0.70760167,-4.230529,-1.0957167,0491.mp4,2
6.6953244,-3.3754005,3.1490781,0492.mp4,13
-0.13560951,11.861636,-9.916837,0493.mp4,4
7.07151,-2.9393597,3.6903148,0494.mp4,10
2.2398906,0.96478677,4.2405405,0495.mp4,3
-3.141598,9.164959,-2.9494007,0496.mp4,4
-3.360337,0.7951279,6.428143,0497.mp4,2
-1.0204972,-4.5285916,-7.4002266,0498.mp4,2
1.1034213,11.738386,-1.6812824,0499.mp4,21
3.6932013,2.177794,-8.0030155,0500.mp4,0
5.811375,9.111771,13.73845,0501.mp4,6
2.1219819,2.1264496,-2.5337749,0502.mp4,0
-9.537699,-5.4995823,3.187466,0503.mp4,2
8.85447,-0.026322998,-8.396169,0504.mp4,8
0.8847716,0.1437279,3.6443677,0505.mp4,3
-3.2393358,-6.787174,-8.496602,0506.mp4,11
-3.4676697,4.4445486,17.072784,0507.mp4,15
4.753314,4.9233437,9.768532,0508.mp4,6
2.0741773,-3.2219946,-2.694277,0509.mp4,22
2.0983615,1.0322676,4.156833,0510.mp4,3
6.0943556,8.499471,13.327763,0511.mp4,6
2.8761485,0.50164163,3.7816825,0512.mp4,3
10.363193,-7.1757917,3.4132867,0513.mp4,10
10.036957,0.12189718,3.8728902,0514.mp4,10
1.9196868,13.610197,-9.26816,0515.mp4,4
2.2381108,10.640827,-2.151327,0516.mp4,4
9.206205,-0.5180496,-8.375271,0517.mp4,8
-11.422887,-9.439413,-3.8355696,0518.mp4,14
1.8624724,13.651584,-9.218435,0519.mp4,4
6.9003143,10.045505,13.381309,0520.mp4,6
-11.979523,-7.1651726,-2.948989,0521.mp4,2
5.8591657,-8.594742,0.30492014,0522.mp4,20
5.368935,-3.8514836,5.8860216,0523.mp4,2
8.240199,-5.576367,-1.8245158,0524.mp4,8
-11.32124,-5.7975597,-3.9028566,0525.mp4,14
5.3539495,8.747539,13.277827,0526.mp4,6
-3.9264328,6.161381,5.8219604,0527.mp4,23
-10.33067,-10.054011,-8.07049,0528.mp4,14
8.33011,-3.234401,8.201486,0529.mp4,10
1.3689392,13.803834,-8.464397,0530.mp4,4
-0.93757707,18.722696,1.6953032,0531.mp4,9
8.396766,-3.6712291,-2.7294376,0532.mp4,8
-0.5859402,7.876497,0.9593569,0533.mp4,21
-6.2828493,-7.2000637,-3.9456246,0534.mp4,2
2.0398364,12.132098,-7.3996744,0535.mp4,4
6.398099,-5.9317765,-6.624807,0536.mp4,27
-0.7164074,7.0009284,2.1875453,0537.mp4,23
-1.5929905,-11.44938,-2.7987022,0538.mp4,12
3.5354326,7.0471125,16.116882,0539.mp4,6
-1.286418,-2.6358874,-8.644695,0540.mp4,24
0.745414,9.976505,-4.4303694,0541.mp4,4
-1.4441683,17.683762,-0.20482609,0542.mp4,9
-2.3280709,1.826515,15.4403925,0543.mp4,15
-5.6884837,-7.6922994,-1.7588981,0544.mp4,2
-8.978457,-4.043667,-1.0854776,0545.mp4,2
-2.786565,1.2769852,-7.8620296,0546.mp4,12
2.0859742,8.513069,-2.4580228,0547.mp4,4
8.9214,-1.3496954,-8.480786,0548.mp4,8
-2.3092124,-2.1839616,-7.2068696,0549.mp4,2
0.25620773,-2.4032505,-8.557521,0550.mp4,24
11.893022,-2.3648384,8.687637,0551.mp4,10
4.0736194,4.969829,9.105662,0552.mp4,6
-0.97475463,11.510841,-10.07939,0553.mp4,12
8.197433,-5.4411664,-0.5348262,0554.mp4,8
1.8167753,11.854943,-3.5234494,0555.mp4,4
6.8580627,7.3667803,14.751979,0556.mp4,6
4.6294765,2.119368,-4.3131394,0557.mp4,10
10.639337,-2.7855356,-4.933114,0558.mp4,8
-1.0816437,-2.4754553,1.4534358,0559.mp4,2
-0.0973929,5.1108065,17.406372,0560.mp4,15
-0.9738885,16.887896,0.43369335,0561.mp4,9
2.011964,6.435549,16.904202,0562.mp4,6
6.276556,2.9725108,-3.7231102,0563.mp4,8
10.782864,-1.6456113,-5.5130415,0564.mp4,8
12.298703,-4.3163934,-0.008227344,0565.mp4,19
9.364748,-1.8001306,7.3230906,0566.mp4,10
2.1988404,6.4858217,16.666605,0567.mp4,6
7.0191116,-2.0286362,-7.5418673,0568.mp4,8
-2.1145062,9.139585,-7.755861,0569.mp4,4
-1.1489989,-9.967948,-3.1802034,0570.mp4,27
0.23015119,17.19938,1.5489597,0571.mp4,9
-0.3819851,-5.754271,1.2683648,0572.mp4,2
-11.433884,-9.928,-5.463358,0573.mp4,14
-9.587009,-5.1843925,4.4345903,0574.mp4,2
0.78364277,-1.4221176,3.7519107,0575.mp4,3
-8.184338,-8.552341,-2.9851112,0576.mp4,2
-11.680627,-9.279043,-4.465548,0577.mp4,2
-8.125431,-6.3376675,6.3377886,0578.mp4,2
-9.850238,-8.729848,-0.20938832,0579.mp4,2
0.11163176,12.644938,-9.437105,0580.mp4,4
-6.919546,-1.5189629,-4.7348638,0581.mp4,12
-1.8450241,-3.9453144,-0.8367896,0582.mp4,2
1.3553609,4.200278,-7.53073,0583.mp4,12
-10.453609,-11.112365,-5.192942,0584.mp4,14
1.6306537,6.6348715,-1.82426,0585.mp4,4
-6.2112546,-1.3345538,-5.641184,0586.mp4,12
4.577659,8.557734,11.226275,0587.mp4,6
0.26650614,2.3840933,-5.936018,0588.mp4,22
0.6552742,6.6084538,-6.750979,0589.mp4,12
-0.91084766,13.584149,-7.0458384,0590.mp4,28
-7.99167,-5.81617,-4.1608524,0591.mp4,2
-5.2339406,1.5064431,-3.2819612,0592.mp4,2
-3.978784,-8.775989,-6.964643,0593.mp4,16
3.759988,3.8793848,8.615847,0594.mp4,17
6.7914386,-4.29008,3.2325819,0595.mp4,18
7.3948646,-0.91633356,-0.35440317,0596.mp4,3
-6.3259335,-9.307322,-5.1441865,0597.mp4,16
7.990611,-4.748889,-7.9193425,0598.mp4,13
5.6922517,4.771186,10.624003,0599.mp4,6
0.57607573,-6.444872,0.37548858,0600.mp4,2
2.209102,12.374329,-6.1493936,0601.mp4,4
0.32961613,-2.4377367,2.1468308,0602.mp4,22
3.8361456,2.086744,-8.030893,0603.mp4,13
8.207082,-1.196429,-11.218503,0604.mp4,13
-8.485035,-10.7020445,-5.4737525,0605.mp4,16
12.7566395,-5.2438684,1.9874356,0606.mp4,19
2.8397489,-3.7801948,-1.889166,0607.mp4,22
-10.189355,-11.389615,-7.148506,0608.mp4,14
-10.384946,-7.9830017,1.0570586,0609.mp4,2
1.1573122,6.228022,3.4929328,0610.mp4,23
1.9971906,-14.134047,-1.2466273,0611.mp4,5
0.51851374,7.147648,-3.462842,0612.mp4,4
-3.1888173,8.737323,-2.2378871,0613.mp4,4
-7.028128,-0.9319736,-5.6222725,0614.mp4,2
7.9538813,-1.3006663,-11.432288,0615.mp4,13
-2.8034759,9.4263525,-1.5359356,0616.mp4,4
-8.544144,-11.786722,-6.710357,0617.mp4,14
-8.454807,-10.326194,-0.16852024,0618.mp4,2
-11.589161,-8.611615,-7.9162545,0619.mp4,12
-9.14344,-7.9019947,0.1760962,0620.mp4,2
-3.928505,2.715528,-1.1603044,0621.mp4,0
-3.2170656,-0.43278536,7.3928547,0622.mp4,2
0.18753724,2.3512058,-5.967346,0623.mp4,12
4.5185914,1.8219758,-1.7556816,0624.mp4,13
-9.818288,-10.552661,-3.062039,0625.mp4,14
2.2585123,1.5750453,-5.8252373,0626.mp4,13
-10.082121,-13.121106,-6.6064706,0627.mp4,14
-8.567297,-11.723225,-7.7367296,0628.mp4,16
-1.8645427,6.814548,-1.406673,0629.mp4,0
-7.0861144,5.6936784,6.9022913,0630.mp4,1
-0.87494624,9.002683,-4.25524,0631.mp4,4
9.352586,-2.5302296,-0.38473105,0632.mp4,19
-3.5656674,-6.8190365,4.883355,0633.mp4,2
10.579001,-1.3584832,3.4877658,0634.mp4,10
-2.349329,1.6579368,15.303693,0635.mp4,15
1.574373,11.9322,-7.344887,0636.mp4,4
-4.091452,-6.3740315,-7.799013,0637.mp4,11
-11.108314,-5.7781806,-0.98021585,0638.mp4,2
-1.0137413,5.5150647,-6.8243227,0639.mp4,12
-6.053378,-1.7185856,5.03413,0640.mp4,2
7.363988,8.496665,13.573381,0641.mp4,6
-2.787866,-4.1902966,2.3790414,0642.mp4,2
12.225807,-3.428095,2.4572592,0643.mp4,19
11.124029,-3.7980263,5.191496,0644.mp4,10
1.2019614,11.773577,-9.824882,0645.mp4,4
10.696881,-1.6449168,2.7720935,0646.mp4,19
10.593003,-1.4331061,3.0119584,0647.mp4,19
5.5657654,-1.0911684,-9.035698,0648.mp4,13
-5.813058,0.70568717,-2.876043,0649.mp4,2
-6.9503465,-11.059729,-5.829783,0650.mp4,16
-0.8744356,10.124124,-4.333367,0651.mp4,4
6.8705125,3.559233,-1.539825,0652.mp4,4
-6.023953,-3.9036944,5.120153,0653.mp4,2
-7.842839,-4.7332726,0.6044772,0654.mp4,2
6.196099,6.501892,12.167767,0655.mp4,6
-7.482324,-6.1405063,6.014802,0656.mp4,2
-5.451236,0.96647173,-3.4314613,0657.mp4,2
0.85388696,6.7588005,0.60629725,0658.mp4,4
-0.86640733,9.713067,-2.7380896,0659.mp4,4
-10.606503,-3.5774798,2.5650218,0660.mp4,2
5.0732436,8.349169,13.281114,0661.mp4,6
-4.6460013,2.9040215,-3.351348,0662.mp4,0
-1.2001687,10.453019,-8.419003,0663.mp4,12
0.4350295,6.606621,0.640568,0664.mp4,0
7.5283933,-0.13612765,6.332465,0665.mp4,10
-8.235661,-10.2610855,-2.197826,0666.mp4,16
10.803807,-4.6339135,4.345292,0667.mp4,10
0.64919513,-5.513661,1.2633934,0668.mp4,2
1.7636257,8.157277,-5.4289594,0669.mp4,4
-6.4634366,-8.549494,-1.2624338,0670.mp4,2
-0.78385806,11.693573,-9.440876,0671.mp4,12
0.7364899,4.228686,-3.2832603,0672.mp4,21
1.4967204,-13.244174,-0.9610028,0673.mp4,5
12.009335,-5.1074533,1.798727,0674.mp4,19
-1.9705186,-5.830054,-8.494679,0675.mp4,11
1.6678048,6.3952656,-5.4964476,0676.mp4,12
-1.3609316,0.5861178,-2.744335,0677.mp4,22
-0.80724657,16.671282,0.5696565,0678.mp4,9
-3.8541713,6.169982,5.7782097,0679.mp4,23
-6.6711574,-8.389386,-1.5901579,0680.mp4,2
8.049292,-4.67937,3.220117,0681.mp4,18
-9.009196,-11.222972,-6.1072063,0682.mp4,14
-12.920572,-9.821054,-6.995407,0683.mp4,14
0.7406258,5.0085154,-6.0724277,0684.mp4,12
-8.795894,-5.5891747,-3.090543,0685.mp4,2
-0.75914127,1.6279302,-8.039721,0686.mp4,0
8.20967,-2.7481825,-7.679254,0687.mp4,8
-6.9990005,-10.496808,-4.930564,0688.mp4,16
-9.315094,-10.536552,-2.8168826,0689.mp4,2
6.5625725,-2.9956021,-7.208939,0690.mp4,13
-2.072558,-1.515581,7.4193425,0691.mp4,2
1.8081005,4.8888936,3.2167716,0692.mp4,3
1.7219085,4.9145575,3.2396355,0693.mp4,23
1.7410946,4.9155965,3.224795,0694.mp4,23
1.8371342,4.8052692,3.1568933,0695.mp4,3
1.8512956,4.5282254,3.1920872,0696.mp4,3
1.5734655,5.2874775,3.2893858,0697.mp4,23
-0.5036679,1.3433579,-6.817864,0698.mp4,12
11.297845,-5.65633,-1.0214354,0699.mp4,19
-0.28575474,-11.740385,-1.8098155,0700.mp4,5
0.13647439,-1.9986875,-9.514528,0701.mp4,24
-12.687406,-6.869532,-3.8462594,0702.mp4,2
6.6089535,-0.54976547,-4.329701,0703.mp4,8
0.73880327,7.283738,2.9445603,0704.mp4,23
-5.4058714,2.3233163,-1.0034457,0705.mp4,2
8.529539,-4.567576,-4.4425206,0706.mp4,8
4.805217,3.2270088,8.725444,0707.mp4,10
-10.446636,-6.98141,-1.9915512,0708.mp4,2
6.021458,6.528685,12.339103,0709.mp4,6
-6.193696,7.00348,7.195033,0710.mp4,1
-1.8762647,4.9376116,16.665424,0711.mp4,15
-9.606707,7.4454885,7.606386,0712.mp4,1
10.449822,-2.6965947,10.191334,0713.mp4,10
-7.0903106,-3.0786436,1.8676232,0714.mp4,2
-8.856626,-4.823069,5.205122,0715.mp4,2
-5.438514,-5.5788665,4.117263,0716.mp4,2
2.7755373,-12.408541,-2.108445,0717.mp4,5
-3.16377,2.6488478,-7.1723204,0718.mp4,12
4.418228,-3.328945,-0.026193446,0719.mp4,3
0.8357455,-6.3810353,0.059064128,0720.mp4,2
-3.0928168,1.3151356,-6.5143356,0721.mp4,12
5.9238744,0.92951345,-8.801169,0722.mp4,13
-2.3648958,3.9683108,-3.599133,0723.mp4,0
8.2824955,-1.1086512,-5.7018514,0724.mp4,13
-4.866349,1.8635364,-3.9347513,0725.mp4,2
-5.705619,-5.716784,5.8633876,0726.mp4,2
4.417243,-2.8181589,-5.92139,0727.mp4,2
-1.8540521,-0.8100677,6.3717628,0728.mp4,2
8.086991,-0.6148893,7.9326005,0729.mp4,10
8.95615,-3.1911418,-7.14929,0730.mp4,8
-2.6201954,-3.9461684,2.6605225,0731.mp4,2
5.455987,4.748314,10.396101,0732.mp4,6
6.7278075,-4.7921042,2.3641691,0733.mp4,18
-5.4986978,2.067055,3.1766975,0734.mp4,2
-5.1813197,3.3954835,-1.5292454,0735.mp4,0
3.0570905,-13.007065,-1.3178293,0736.mp4,5
-9.94209,-9.37715,-5.496105,0737.mp4,14
-2.1441083,3.9175637,-0.6791207,0738.mp4,0
-11.587657,-8.963674,-4.8116474,0739.mp4,14
-6.163081,-4.235569,4.8213334,0740.mp4,2
-6.6625466,-4.497387,4.683941,0741.mp4,2
-5.0455637,-0.9608828,-5.307743,0742.mp4,2
-0.8898913,12.431785,-7.7123427,0743.mp4,4
10.4366255,-4.732812,-0.5510327,0744.mp4,19
0.026333377,5.006988,-9.180867,0745.mp4,12
8.283938,-5.5278635,-0.76334125,0746.mp4,20
-2.9106846,-3.8454978,1.7696579,0747.mp4,2
-3.9848459,4.5258617,5.8124704,0748.mp4,2
4.6134095,8.675143,11.253725,0749.mp4,6
10.201752,-4.6019454,-3.1259167,0750.mp4,8
1.1554133,8.103793,0.73933125,0751.mp4,4
-7.0246344,6.311426,6.8613124,0752.mp4,1
-7.877124,1.9503319,-3.9740443,0753.mp4,0
0.7841874,8.5736885,-2.6598423,0754.mp4,4
-8.863685,4.6970625,5.988472,0755.mp4,2
2.8121593,-13.706486,-2.1192827,0756.mp4,5
-0.6292389,12.063332,-6.7942924,0757.mp4,4
-1.9717071,-2.8499377,4.7849164,0758.mp4,2
12.233559,-4.622874,-0.74640834,0759.mp4,19
12.674499,-2.0721288,6.4911556,0760.mp4,10
1.2272842,8.359047,-2.1233237,0761.mp4,21
-10.474522,-8.573299,-1.8636757,0762.mp4,2
-0.36618295,6.014803,1.1230768,0763.mp4,0
1.9802256,5.5939627,-8.122813,0764.mp4,12
4.692675,-2.1895108,-6.324696,0765.mp4,8
0.30284604,10.898524,-10.293015,0766.mp4,12
7.819557,-0.7060344,-1.0234821,0767.mp4,13
7.2926025,0.41297847,7.210859,0768.mp4,10
-11.39056,-4.8632603,0.67889065,0769.mp4,2
-2.0583363,-1.1384009,8.819573,0770.mp4,17
-0.29970005,9.449509,-2.5147805,0771.mp4,4
6.0279174,8.109953,10.941043,0772.mp4,6
-1.9890451,3.1455324,17.191048,0773.mp4,15
-0.60679644,-2.0661829,0.6612717,0774.mp4,22
-2.5129218,-2.345653,-7.3279295,0775.mp4,2
6.6636333,-2.5163236,1.9461658,0776.mp4,10
12.639812,-5.8357725,-2.1810477,0777.mp4,5
-2.4518483,-2.882781,0.5073719,0778.mp4,2
-8.423339,-10.480958,-8.117118,0779.mp4,16
0.7557783,19.901627,0.74118924,0780.mp4,9
6.916276,-5.096102,4.8918586,0781.mp4,10
9.945571,-2.3772843,-0.8494314,0782.mp4,19
3.3774452,0.1710408,5.232126,0783.mp4,3
-4.348091,-6.640569,-8.74934,0784.mp4,25
-6.6864047,6.6262307,7.5822625,0785.mp4,1
0.010358485,13.884836,-5.7521157,0786.mp4,4
4.1398497,-5.1496305,-0.22475283,0787.mp4,2
-0.6640741,-1.1601422,0.4501811,0788.mp4,2
-0.47390357,17.093267,-0.632572,0789.mp4,9
11.180515,-3.6544564,-0.020860191,0790.mp4,19
5.3808656,5.016332,10.745092,0791.mp4,6
13.37291,-2.0161312,4.894418,0792.mp4,10
3.4527214,2.1212192,3.7692673,0793.mp4,3
-4.5946307,0.3042406,-6.151928,0794.mp4,26
-2.3795474,4.785945,16.943747,0795.mp4,15
-5.0912366,-5.3929214,-8.024229,0796.mp4,26
0.8189938,-1.4983186,3.681335,0797.mp4,2
4.1210713,8.785839,12.75783,0798.mp4,6
-0.42946625,17.04591,1.0917242,0799.mp4,9
-9.674258,-10.208475,-8.267819,0800.mp4,14
2.1457338,11.622927,-4.654316,0801.mp4,4
1.7673463,10.51522,-5.3948064,0802.mp4,4
2.0030484,-13.024263,-1.3702214,0803.mp4,5
9.967082,-1.2474326,7.578041,0804.mp4,10
-1.443906,-11.674769,-2.8088794,0805.mp4,5
-5.6674976,6.6382866,7.0784655,0806.mp4,23
-2.066679,3.616288,-1.3550891,0807.mp4,0
5.1651473,-3.6024132,-5.990377,0808.mp4,8
3.4627023,1.2636771,-3.7469587,0809.mp4,0
-6.908239,5.744958,7.3644104,0810.mp4,1
6.6601934,3.5317576,-1.5845901,0811.mp4,19
-2.5428448,-3.3174086,-8.022533,0812.mp4,23
13.558463,-1.5915625,4.621001,0813.mp4,10
-5.837283,5.441624,6.762691,0814.mp4,23
-11.414147,-7.889425,-7.2550883,0815.mp4,14
2.5905888,6.627193,16.05218,0816.mp4,6
-3.7150202,2.353913,-0.8397807,0817.mp4,2
-0.12091267,19.470627,0.8466857,0818.mp4,9
-8.23409,7.491267,8.219128,0819.mp4,1
-9.419353,-6.2025595,5.126492,0820.mp4,2
-4.147147,-0.110686705,4.019286,0821.mp4,2
1.9840178,9.916034,-1.2944942,0822.mp4,21
-4.179023,-0.09792077,6.340032,0823.mp4,2
2.873581,7.803458,-1.1590518,0824.mp4,3
4.1059337,0.22026075,-5.8037424,0825.mp4,8
5.034916,0.02975002,6.100346,0826.mp4,10
3.8336632,-1.5238125,3.9415042,0827.mp4,3
-0.25908732,12.182176,-5.819164,0828.mp4,4
13.377607,-1.5521232,3.809639,0829.mp4,10
0.8060466,19.788664,1.3618522,0830.mp4,9
3.768874,0.82124764,-7.3686104,0831.mp4,12
3.1688178,6.7106204,14.110238,0832.mp4,6
1.7254438,9.821966,-1.3048946,0833.mp4,21
7.0649433,-5.4982142,-7.00946,0834.mp4,27
4.456907,2.326287,-6.3249683,0835.mp4,13
11.845187,-5.2518578,2.8426323,0836.mp4,10
2.777562,5.26138,9.127258,0837.mp4,6
-12.176001,-6.2777104,-4.2077875,0838.mp4,2
11.192783,-3.5043316,5.353827,0839.mp4,10
-7.239764,-2.0156271,-4.33959,0840.mp4,2
10.297175,-3.9772222,1.1394634,0841.mp4,19
-2.19502,6.1975183,-5.826619,0842.mp4,0
-2.6851077,5.4029603,-5.441862,0843.mp4,0
1.8164932,2.0278141,-2.457136,0844.mp4,0
8.901417,-0.46039993,-4.459667,0845.mp4,13
-4.023359,2.3726823,-3.0680249,0846.mp4,0
-3.7609499,4.766311,-3.0731492,0847.mp4,0
-0.792341,13.739801,-5.9739866,0848.mp4,4
4.602454,2.495224,7.733459,0849.mp4,10
4.530373,6.934395,11.392665,0850.mp4,6
-6.866802,-2.689529,4.4662533,0851.mp4,2
-6.141893,-0.26991358,-2.0747023,0852.mp4,2
5.3368344,1.3467349,-8.967281,0853.mp4,13
-2.0516512,-0.3132535,-0.1855015,0854.mp4,2
6.8227267,3.4433768,-1.5917424,0855.mp4,19
10.206814,-6.0685143,-1.5465322,0856.mp4,19
13.974084,-1.8432081,4.9646273,0857.mp4,10
-9.175745,-5.4384766,5.1424646,0858.mp4,2
-7.4432783,-7.364222,4.849917,0859.mp4,2
1.8665978,-12.938922,-1.6402559,0860.mp4,5
9.603622,-5.3008857,5.171146,0861.mp4,10
-5.606418,0.9935338,-4.3635325,0862.mp4,2
9.364758,-2.06645,7.587987,0863.mp4,10
-4.5519924,-4.459655,5.0723543,0864.mp4,2
12.775559,-2.734057,7.6519585,0865.mp4,10
11.871227,-4.3113136,2.354293,0866.mp4,19
-7.846354,4.418274,7.3524985,0867.mp4,2
-5.5258503,2.0662456,3.112409,0868.mp4,2
6.9661565,-7.572734,-0.23463686,0869.mp4,20
-2.6947482,10.224778,-5.3472543,0870.mp4,4
3.6762266,-3.7530086,-4.046183,0871.mp4,2
-1.8722126,-0.9854438,8.97538,0872.mp4,17
-4.218584,-4.328936,5.1504455,0873.mp4,2
10.503388,-5.3598256,4.764349,0874.mp4,10
0.37272128,5.1089,-8.264668,0875.mp4,12
10.3440275,-2.862633,10.3565855,0876.mp4,10
11.168073,-4.750867,-3.3534057,0877.mp4,8
5.56735,7.8088913,15.703239,0878.mp4,6
-4.832884,0.8701646,6.9519734,0879.mp4,2
0.11450461,19.59286,0.59188735,0880.mp4,9
1.877201,5.907518,-8.302021,0881.mp4,12
-1.7684224,-0.9614143,8.6818,0882.mp4,17
0.85887116,19.97096,1.2207122,0883.mp4,9
-0.13378257,17.623484,-0.114617795,0884.mp4,9
4.9085493,-0.09716699,-4.351732,0885.mp4,8
10.43027,-2.1785948,-4.7435555,0886.mp4,8
11.563809,-5.013475,-1.7251297,0887.mp4,19
10.522156,-2.878362,7.4199786,0888.mp4,10
9.159009,-0.08797833,-8.944975,0889.mp4,8
2.7458782,4.3055873,-8.6019535,0890.mp4,12
1.6535399,5.819962,2.463745,0891.mp4,23
-12.309107,-6.416666,-4.7418027,0892.mp4,2
0.12520789,19.592697,0.028395861,0893.mp4,9
-9.7121935,-2.835215,-3.5125253,0894.mp4,2
3.6629982,4.7725835,-7.061918,0895.mp4,4
0.98713785,20.00147,1.4973841,0896.mp4,9
-9.243542,-8.918003,1.9230522,0897.mp4,2
0.775229,19.736946,1.270177,0898.mp4,9
-1.2215506,-1.805769,-8.4947405,0899.mp4,24
5.114283,-1.3869132,-9.157886,0900.mp4,13
2.8362222,10.582042,-1.7545625,0901.mp4,21
-1.9056715,3.2792504,16.462193,0902.mp4,15
-1.1123736,11.800813,-3.7818696,0903.mp4,4
-12.250871,-7.4541745,-5.1688104,0904.mp4,2
12.908031,-1.3082935,3.5717804,0905.mp4,10
-2.6071498,-5.159979,-0.42176154,0906.mp4,2
4.1855216,-7.4837103,-1.3696998,0907.mp4,20
4.1966558,-1.0304338,-9.2159815,0908.mp4,13
4.726786,2.265569,-4.2690935,0909.mp4,8
-7.254118,-6.9691153,6.28274,0910.mp4,2
5.1019454,-7.3992963,-1.4056033,0911.mp4,20
-3.2136877,0.096671425,-0.70148414,0912.mp4,2
6.586313,-3.278063,2.9040582,0913.mp4,10
10.497161,-7.021014,3.4983904,0914.mp4,5
-8.450888,-9.339952,-6.545054,0915.mp4,12
2.5140312,7.898638,-9.154729,0916.mp4,4
-3.1972244,-0.39169818,7.566983,0917.mp4,2
-12.862861,-6.991091,-3.8670385,0918.mp4,2
1.1005149,17.94439,1.0823244,0919.mp4,9
-5.514217,1.0387655,-2.028916,0920.mp4,2
-4.890377,-1.8232532,-7.277774,0921.mp4,24
5.5818057,8.66304,16.244986,0922.mp4,6
-4.396512,-10.060413,-8.151862,0923.mp4,26
-10.44883,4.3682,6.9753313,0924.mp4,2
8.491035,-2.8023424,-2.2647917,0925.mp4,8
12.091502,-0.76982045,6.612612,0926.mp4,10
-10.79007,-11.543319,-7.939642,0927.mp4,14
-7.993422,3.6839595,6.7833476,0928.mp4,2
8.573339,-2.5207007,10.681597,0929.mp4,10
-4.0998917,5.532236,-5.3928967,0930.mp4,0
-7.537242,-6.8796163,2.6431775,0931.mp4,2
-10.143898,-4.669459,-2.0712752,0932.mp4,2
-0.41731203,-10.733819,-4.2459292,0933.mp4,16
2.089937,6.7504854,-0.8218091,0934.mp4,3
6.2130947,-0.3900923,-3.9080915,0935.mp4,8
3.240703,6.4219775,11.001784,0936.mp4,6
10.580301,-0.9379739,4.730977,0937.mp4,10
-5.279375,-4.367178,4.934436,0938.mp4,2
0.3392448,3.5042825,-2.6843283,0939.mp4,12
7.372212,0.36639872,-5.5252385,0940.mp4,8
-0.98777103,1.3661844,-7.8511705,0941.mp4,12
3.2655473,6.78797,15.420475,0942.mp4,6
-9.947896,5.4418397,7.2747054,0943.mp4,1
-4.9584236,-5.2525425,0.7297306,0944.mp4,2
-0.7620501,8.584881,-1.0235915,0945.mp4,21
-9.443386,5.1020503,7.154739,0946.mp4,1
-1.2482343,2.4194283,12.683534,0947.mp4,17
3.8557653,-1.447061,3.805413,0948.mp4,3
4.0921845,0.4813281,-7.2353272,0949.mp4,8
-4.6675563,-5.548307,1.2526208,0950.mp4,2
-10.824418,-8.018263,-8.786084,0951.mp4,28
0.05515364,5.6617937,-7.3918977,0952.mp4,12
-7.0083375,-6.570465,2.235754,0953.mp4,2
6.634109,8.483733,13.864156,0954.mp4,6
5.1555066,-2.815973,3.7957218,0955.mp4,3
3.2770367,1.4078445,3.4503374,0956.mp4,3
-9.849817,4.078307,7.198194,0957.mp4,2
6.030416,-5.640247,-0.3268282,0958.mp4,20
-3.0277164,-4.126929,4.973414,0959.mp4,2
-3.0697424,5.972897,-0.5072014,0960.mp4,0
-0.06404059,12.859705,-9.139327,0961.mp4,28
9.212029,-0.73484373,-4.8600693,0962.mp4,13
0.9334211,11.299141,-9.466032,0963.mp4,4
-1.6221105,5.384208,17.160248,0964.mp4,15
9.694836,-2.4914014,-0.8892468,0965.mp4,19
-5.631144,-6.381146,3.4180171,0966.mp4,2
2.908772,10.416328,-3.3943481,0967.mp4,4
7.1394887,-4.4194155,5.809593,0968.mp4,10
1.154906,10.682284,-9.714581,0969.mp4,4
1.42438,-0.36363345,-7.030294,0970.mp4,13
6.931939,-5.3547187,3.913678,0971.mp4,18
-10.968311,-8.985266,-4.9909315,0972.mp4,14
8.591318,-2.3762753,-8.1494465,0973.mp4,8
-3.2782629,1.6196983,-5.6004887,0974.mp4,12
2.202491,-13.212909,-2.024953,0975.mp4,5
2.0739741,-3.2794948,-2.56406,0976.mp4,22
6.1464996,-1.4543161,1.014385,0977.mp4,3
-7.2285514,-11.001543,-7.289095,0978.mp4,16
4.012364,-0.5463955,6.2370906,0979.mp4,2
-11.405655,-4.8843036,0.5743163,0980.mp4,2
-8.092343,-8.125103,-2.0116003,0981.mp4,2
-3.8879838,0.009833529,-6.1655936,0982.mp4,2
-3.0984387,1.4204177,-7.3770666,0983.mp4,12
1.7119657,8.413776,-6.477979,0984.mp4,4
3.0178058,-3.2222917,-6.8096285,0985.mp4,2
4.5125265,-0.98236555,-8.483264,0986.mp4,24
-3.9594064,-1.7774229,-4.04794,0987.mp4,2
-1.1246924,5.750409,-4.1723475,0988.mp4,0
5.876306,2.9625359,8.734474,0989.mp4,10
-1.0981491,-2.721772,2.934052,0990.mp4,2
8.65947,-2.5054684,7.155064,0991.mp4,10
-10.121233,-5.435632,0.8897662,0992.mp4,2
-10.989016,-4.6718736,1.2160622,0993.mp4,2
-4.598825,3.4681582,-1.2891405,0994.mp4,0
-1.6436664,-0.9918333,3.5458288,0995.mp4,2
-4.2051725,2.4680805,-7.2659974,0996.mp4,12
4.2733927,7.2680235,15.809163,0997.mp4,6
-9.387893,-6.0925975,0.4265493,0998.mp4,2
5.884696,3.057498,8.794375,0999.mp4,10
-9.668268,-5.1997848,2.9932141,1000.mp4,2
7.5863914,-0.26709577,-7.5579743,1001.mp4,8
-0.7730231,-4.0736194,-0.9145507,1002.mp4,22
-9.717212,8.198586,7.387126,1003.mp4,1
2.9543805,-12.448417,-2.3126168,1004.mp4,5
-8.0163145,-3.6731899,-2.2488406,1005.mp4,2
-1.6227156,5.4351287,-6.932579,1006.mp4,0
-2.9730484,5.8981028,-1.1549737,1007.mp4,0
6.5642796,7.7283125,14.785541,1008.mp4,6
-1.0887232,-4.5480814,-7.467346,1009.mp4,2
-10.518473,-6.5955772,4.1023855,1010.mp4,2
-3.4084184,-3.3498347,1.9266073,1011.mp4,2
-3.9869423,-5.1998053,-7.423497,1012.mp4,24
-1.8800224,6.4189982,-0.8966991,1013.mp4,0
10.950894,-1.6203111,-2.0237942,1014.mp4,19
1.7773588,-2.7893128,1.5084635,1015.mp4,2
-2.3744595,5.1730733,16.004206,1016.mp4,15
-4.7016864,-3.4203508,2.4577491,1017.mp4,2
0.07270993,7.574046,1.7877848,1018.mp4,23
9.112149,-0.2765214,4.033336,1019.mp4,10
0.064935684,5.780492,-7.6040587,1020.mp4,12
4.56363,-3.3530135,-0.70459366,1021.mp4,3
1.5514728,12.121154,-9.251146,1022.mp4,4
0.50170195,4.0994577,-3.093491,1023.mp4,12
-1.362471,1.4537737,6.4405165,1024.mp4,23
1.2024049,11.644995,-10.218061,1025.mp4,4
12.615861,-4.6499496,-0.47761717,1026.mp4,19
3.5381846,1.7796171,1.8224123,1027.mp4,3
-0.21224901,5.073259,14.520114,1028.mp4,15
-10.138301,-7.8727403,-4.3844914,1029.mp4,14
2.2068272,7.823474,-5.6102943,1030.mp4,12
-11.109182,-8.192884,-1.2873421,1031.mp4,2
-6.961838,-10.349932,-5.69062,1032.mp4,16
-2.2739544,-2.3497634,7.1157436,1033.mp4,2
-6.248301,-10.2195015,-5.921399,1034.mp4,16
7.094403,3.6321547,4.8706965,1035.mp4,12
-6.8884416,-8.64612,1.5244602,1036.mp4,2
5.1912293,1.5727785,-9.149215,1037.mp4,26
4.805669,5.792472,11.308734,1038.mp4,6
-10.157712,-5.9195924,2.0851998,1039.mp4,2
-2.3501694,3.8447776,-2.6363752,1040.mp4,0
1.2424597,-1.5080018,-5.8954873,1041.mp4,13
9.703416,-2.8509536,-6.761364,1042.mp4,8
-8.506112,-7.5030646,3.8629491,1043.mp4,2
10.062596,-2.4970677,10.841856,1044.mp4,10
-6.88368,6.901048,6.9112663,1045.mp4,1
-6.143579,-4.7442465,5.0503373,1046.mp4,2
-8.36072,-3.9607742,3.772583,1047.mp4,2
-0.3204564,12.673903,-6.123807,1048.mp4,4
-6.7807703,-8.751759,1.5773103,1049.mp4,2
-2.5675676,5.1071978,-5.5593023,1050.mp4,0
6.5667167,7.2805314,12.870258,1051.mp4,6
2.481887,7.5801673,-1.5449985,1052.mp4,3
0.20252831,19.512161,-0.2764304,1053.mp4,9
-1.8107903,5.1856303,17.100853,1054.mp4,15
-7.4801216,6.2340426,7.482906,1055.mp4,1
-2.293917,5.1757,17.231737,1056.mp4,15
-9.13652,7.7616677,8.3081875,1057.mp4,1
-2.1982796,-4.2966824,1.044762,1058.mp4,2
-5.137891,-1.8334603,-4.528954,1059.mp4,2
-9.112961,-5.166027,3.527746,1060.mp4,2
1.2251507,11.258884,-7.594707,1061.mp4,4
-10.489227,-10.096851,-6.6678624,1062.mp4,14
-3.6431942,-11.012014,-2.637614,1063.mp4,14
1.0523665,0.3069871,3.5215387,1064.mp4,3
1.5007242,4.739942,-0.9219978,1065.mp4,2
-3.0261312,5.235537,-1.0402511,1066.mp4,0
-0.40443966,5.86667,-7.009424,1067.mp4,12
-2.9408321,4.7653284,-0.5427628,1068.mp4,0
6.5467668,7.4747806,12.146384,1069.mp4,6
-9.677908,7.5495687,8.829911,1070.mp4,1
1.5148214,10.870103,-7.732457,1071.mp4,4
3.0643623,-2.488018,-2.419004,1072.mp4,22
8.079685,-0.051282626,-9.19051,1073.mp4,8
-1.6357437,4.7927885,16.199648,1074.mp4,15
-3.5842957,3.9072795,-2.4432404,1075.mp4,0
6.3173323,-4.6913805,-4.723786,1076.mp4,8
-1.1714264,-11.299005,-1.6235633,1077.mp4,7
-0.09969756,19.187641,-0.4053837,1078.mp4,9
7.8794646,-4.688902,-4.780318,1079.mp4,8
2.0924146,10.57352,-5.8078117,1080.mp4,4
-4.6470227,0.18885209,5.194091,1081.mp4,2
-2.0157242,-11.005241,-0.7379202,1082.mp4,2
-10.960839,5.4164653,6.721993,1083.mp4,1
-6.1123652,-1.6702985,-5.4729366,1084.mp4,2
-5.4701204,1.7224418,5.655286,1085.mp4,2
-5.2654796,-8.898911,-7.4123883,1086.mp4,16
-7.4749303,-5.2263308,3.5524182,1087.mp4,2
-1.3253578,-2.5550723,1.6065477,1088.mp4,2
-5.183229,-2.4634805,6.6806083,1089.mp4,2
5.159773,-7.3279696,-0.84652966,1090.mp4,20
-6.0538745,-9.789835,2.5519438,1091.mp4,2
-10.8564205,-6.176766,-3.436506,1092.mp4,14
-8.215528,-9.76866,-5.5365443,1093.mp4,16
-2.5549495,1.6432034,4.6663175,1094.mp4,2
-1.4058276,2.2965705,-1.9006336,1095.mp4,0
8.549334,-5.9256825,-6.6801424,1096.mp4,8
-12.760143,-6.9444532,-3.798066,1097.mp4,2
-8.962029,-4.31137,-2.9502997,1098.mp4,2
-1.7788306,-0.38490194,-4.857997,1099.mp4,2
-2.1382341,1.5002794,2.651958,1100.mp4,3
2.801944,-12.170603,-1.314925,1101.mp4,5
-11.55047,-7.0881834,-3.3332415,1102.mp4,2
11.289938,-0.37060896,6.4730067,1103.mp4,10
-5.1425414,-2.200638,-4.7247,1104.mp4,2
-9.165658,7.2279496,7.3747835,1105.mp4,1
-8.951815,-5.0913506,3.245017,1106.mp4,2
0.79361683,5.6336856,16.768797,1107.mp4,15
-2.2714062,5.9272246,-3.2949567,1108.mp4,0
8.745193,-1.9785953,-4.6955047,1109.mp4,10
1.7707628,6.8106537,0.24693605,1110.mp4,4
11.146614,-1.8404231,-1.7754058,1111.mp4,19
-8.407237,-10.2972765,0.09001175,1112.mp4,2
-12.313466,-10.878172,-3.7479587,1113.mp4,14
7.948587,-4.2584047,-7.6620827,1114.mp4,13
7.3963213,-1.3641394,-7.8081694,1115.mp4,8
5.5243864,5.4142885,10.946868,1116.mp4,6
8.183241,-0.31824332,8.1453495,1117.mp4,10
5.5881524,3.651915,9.142161,1118.mp4,10
6.734728,-3.6348505,2.9296246,1119.mp4,18
0.7068565,9.913922,-4.5403147,1120.mp4,4
-0.8677592,8.255149,-3.7730536,1121.mp4,4
8.066796,0.06948321,6.5572762,1122.mp4,10
10.470578,-1.6430869,8.882086,1123.mp4,10
-3.180695,-4.861386,-0.007502901,1124.mp4,2
-6.598811,6.6345215,6.370895,1125.mp4,1
11.285683,-1.6975977,-1.938528,1126.mp4,19
-10.369873,-10.829613,-6.338462,1127.mp4,14
-5.9916897,0.09953759,-0.52741104,1128.mp4,2
2.7692094,5.2069063,9.082263,1129.mp4,6
-2.0336196,-5.854106,-8.285065,1130.mp4,11
-2.5590453,-2.8074317,-4.021431,1131.mp4,2
0.4030406,9.965981,-5.2795258,1132.mp4,4
-10.05412,-4.9219685,3.2630947,1133.mp4,2
-6.8636875,-4.67235,-4.1493664,1134.mp4,2
3.5369077,0.82170004,-6.152727,1135.mp4,0
9.303867,-1.6411201,7.5426707,1136.mp4,10
6.46392,-2.6892881,1.6831841,1137.mp4,13
-1.0228572,18.843966,1.4758371,1138.mp4,9
-0.25351802,6.673137,-3.483813,1139.mp4,4
-0.64639974,-3.6318738,-0.8917112,1140.mp4,2
-4.815653,4.69168,-0.99100554,1141.mp4,0
0.5199776,-2.325657,2.7438312,1142.mp4,2
-0.43596786,9.005674,-5.706493,1143.mp4,4
-0.13705017,8.297695,1.2546229,1144.mp4,21
-7.7861743,-3.8636172,4.8724875,1145.mp4,2
-3.460568,-1.4204736,1.4336275,1146.mp4,2
-1.9135587,-2.5034518,7.30357,1147.mp4,2
1.0954854,-1.1861588,4.7973127,1148.mp4,2
2.170136,3.1576302,-7.8047915,1149.mp4,12
3.036511,-3.2971997,-2.114155,1150.mp4,22
0.8738851,8.209871,-8.086209,1151.mp4,4
-0.98852175,5.6196437,-9.317252,1152.mp4,12
-3.4572582,8.313543,-2.6619787,1153.mp4,0
-7.071411,1.1876882,-0.88428766,1154.mp4,2
-2.183355,-2.6148381,3.3407164,1155.mp4,2
0.7126306,1.2775676,-4.336677,1156.mp4,13
-12.700663,-10.262409,-7.2478986,1157.mp4,14
-9.31404,-4.5955477,1.361207,1158.mp4,2
-7.056401,-5.7381005,-4.3387723,1159.mp4,14
6.458484,-2.9073982,-7.169715,1160.mp4,8
-4.9019523,-9.352007,2.8688738,1161.mp4,2
-0.8251957,8.53891,-3.116064,1162.mp4,0
-6.026191,-1.7521486,-5.6452417,1163.mp4,2
1.8593975,-13.350727,-1.5062513,1164.mp4,5
10.559537,-1.0431474,-1.5507195,1165.mp4,19
-1.7581619,12.037328,-3.554004,1166.mp4,4
1.0743576,6.3628144,3.0510886,1167.mp4,23
-4.650154,4.617286,-3.2159235,1168.mp4,0
2.868733,-12.605714,-1.9753065,1169.mp4,5
10.209618,-2.1651464,8.34723,1170.mp4,10
0.4716753,-1.2423979,4.1227193,1171.mp4,2
10.140167,-0.29795837,-8.5523405,1172.mp4,8
-6.762109,-0.37804416,0.8018516,1173.mp4,2
7.2374554,-4.91929,4.5108285,1174.mp4,18
-7.235332,1.1434598,-0.7543701,1175.mp4,2
7.7947397,1.642985,6.8535957,1176.mp4,10
-1.1601546,2.7983963,13.308401,1177.mp4,15
0.16665721,6.682139,3.1066716,1178.mp4,23
1.4781702,6.0574903,16.623491,1179.mp4,15
-0.9902107,14.827741,-6.454671,1180.mp4,28
5.760316,-8.4194145,-1.2343969,1181.mp4,20
3.3784287,0.20425636,5.279578,1182.mp4,3
5.7137556,-3.3876493,4.1888447,1183.mp4,10
11.932194,-4.0907145,2.4227617,1184.mp4,19
5.3021803,-8.2322,-0.7222364,1185.mp4,20
2.365007,-3.2116854,-5.8880486,1186.mp4,13
-8.457825,-7.4936786,-0.79569256,1187.mp4,2
-8.752833,-8.105296,-3.6846092,1188.mp4,2
9.847044,-1.5675021,-2.6423786,1189.mp4,8
9.110685,-2.5117,8.745465,1190.mp4,10
-5.940342,0.9155316,-1.322879,1191.mp4,2
-1.7632021,-5.244198,-7.6079707,1192.mp4,11
-0.6045565,15.121281,-5.1767645,1193.mp4,28
10.91701,-2.4948587,9.917816,1194.mp4,10
-1.415756,7.4162946,-5.9647574,1195.mp4,4
2.8713896,1.9250151,3.4775436,1196.mp4,3
7.706021,-3.8542135,-7.0067844,1197.mp4,8
-5.7052264,0.5387721,-2.0094268,1198.mp4,2
11.887138,-5.3670187,5.1011677,1199.mp4,10
-6.0044913,-6.070189,1.7270577,1200.mp4,2
-2.3538396,3.215841,15.680605,1201.mp4,15
5.32551,-2.2495267,-5.5300565,1202.mp4,8
3.8690407,-3.9006379,-2.7708378,1203.mp4,22
10.338301,-2.3224316,-1.3210721,1204.mp4,19
0.6267203,17.910915,1.1209146,1205.mp4,9
-5.8112893,-2.654272,4.4182963,1206.mp4,2
0.099359505,17.888435,0.9069293,1207.mp4,9
6.7036524,3.4699008,-1.4218985,1208.mp4,3
-6.4642587,-7.669455,3.5307772,1209.mp4,2
-2.4304385,-7.0791316,-7.87472,1210.mp4,24
-1.4655912,0.12231392,8.452224,1211.mp4,17
8.70949,-0.071427114,-8.37428,1212.mp4,8
-8.638675,-5.0032315,0.9410515,1213.mp4,2
11.104408,-1.8104341,-1.7781191,1214.mp4,19
-5.579302,-1.5285025,-3.9754336,1215.mp4,2
-0.4542593,13.394135,-8.37454,1216.mp4,28
12.522849,-1.4166591,4.825783,1217.mp4,10
-2.0485928,-6.0569954,-8.4889345,1218.mp4,24
9.499826,-0.4971584,-9.253866,1219.mp4,8
-3.8695662,-1.9462023,4.007194,1220.mp4,2
10.444736,-3.4389434,-4.125528,1221.mp4,8
12.667755,-1.032723,5.03738,1222.mp4,10
-2.011316,7.255136,-4.0348225,1223.mp4,0
12.103501,-0.94112474,6.561487,1224.mp4,10
-1.8540688,-0.95432156,8.9711485,1225.mp4,17
11.310247,-1.7443272,-1.8810675,1226.mp4,19
10.347281,-1.960398,-3.133077,1227.mp4,19
2.9550836,6.8572793,12.729094,1228.mp4,6
4.6745048,-3.396789,5.677728,1229.mp4,2
-9.563905,4.0762296,6.2853556,1230.mp4,2
12.120843,-5.90773,-3.6253655,1231.mp4,5
-0.076155946,13.237252,-7.5780535,1232.mp4,4
-8.053686,3.957376,6.0411654,1233.mp4,2
2.940806,-3.6277208,-2.2007496,1234.mp4,22
9.467042,-2.9704127,-6.9236937,1235.mp4,8
-9.272292,-8.405756,-0.021198608,1236.mp4,2
6.0549226,-1.1445996,0.37208283,1237.mp4,13
1.2470107,-13.582421,-1.5646766,1238.mp4,5
-2.6271503,-2.0411146,-4.042453,1239.mp4,2
-8.997011,-6.170165,-1.8612143,1240.mp4,2
1.3576133,-0.024674848,-6.675442,1241.mp4,12
-7.402546,-6.904969,-1.097802,1242.mp4,2
-0.3953312,-0.9116761,0.8506291,1243.mp4,2
3.1343863,10.69033,-1.9374783,1244.mp4,4
-8.311556,-9.135106,-5.420669,1245.mp4,16
-9.340068,-8.945129,-6.742395,1246.mp4,12
6.6512456,8.778684,14.420913,1247.mp4,6
6.223462,9.14557,15.221173,1248.mp4,6
-8.359638,-9.78532,-5.4041414,1249.mp4,16
1.6734991,2.7608676,-7.003568,1250.mp4,13
-6.3704047,6.1528964,5.725144,1251.mp4,23
-0.7447199,9.673871,-7.818713,1252.mp4,4
-8.565325,8.563027,7.3370023,1253.mp4,1
-2.839748,1.6902579,6.530009,1254.mp4,2
-2.0811577,2.786024,-2.8391464,1255.mp4,0
-0.6159484,-0.12275275,7.5011163,1256.mp4,2
-2.0827684,-5.7179646,-7.553417,1257.mp4,11
4.8345776,-4.23851,-3.334508,1258.mp4,22
3.265461,-12.311308,-0.056867197,1259.mp4,5
7.2322426,-4.2914033,3.2201416,1260.mp4,5
0.60682493,6.4334874,-8.085774,1261.mp4,12
3.2154095,-4.1644025,2.3990145,1262.mp4,2
-4.5993266,8.541524,-2.7968338,1263.mp4,4
5.744131,-5.4825525,-5.219954,1264.mp4,22
-3.870957,5.901246,-1.2534877,1265.mp4,0
4.236333,7.761579,11.594215,1266.mp4,6
-6.42877,-10.448231,-6.1169815,1267.mp4,16
10.369228,-0.70078665,4.14836,1268.mp4,10
-2.3639681,-4.9655824,-4.886867,1269.mp4,22
0.50038296,18.870087,1.9635203,1270.mp4,9
12.886535,-1.042431,5.0831532,1271.mp4,10
-2.6064816,3.3244812,15.952229,1272.mp4,15
-8.702618,5.919756,5.2850122,1273.mp4,1
-4.3639126,2.0727441,-3.778727,1274.mp4,12
11.347181,-2.770343,8.260997,1275.mp4,10
10.168908,-6.2741146,-1.8086122,1276.mp4,22
1.5304761,-0.78435886,-1.529184,1277.mp4,22
-2.3061848,3.1779306,16.801872,1278.mp4,15
10.802619,-5.80017,-1.9231853,1279.mp4,5
1.6575743,8.607363,-2.6047935,1280.mp4,21
-3.5860667,6.4110355,-5.7341695,1281.mp4,4
-11.409765,-11.834378,-5.778562,1282.mp4,14
9.757903,-0.9860387,-9.657102,1283.mp4,8
8.147231,-0.35569605,-9.537521,1284.mp4,13
-11.371944,-10.831116,-4.027577,1285.mp4,14
10.598276,-5.25753,-1.5255318,1286.mp4,19
3.5511472,4.5074186,8.13393,1287.mp4,23
-8.973084,4.629747,6.4086795,1288.mp4,2
-6.3526144,-4.584741,4.2958875,1289.mp4,2
-10.303811,-7.3722925,2.0157764,1290.mp4,2
-1.263281,9.824116,-1.94103,1291.mp4,4
10.92409,-4.626542,-2.1000643,1292.mp4,19
4.8588176,6.9003015,12.930014,1293.mp4,6
5.131655,-4.390577,-3.5747266,1294.mp4,22
-3.2868564,3.1215594,16.672169,1295.mp4,15
-9.153831,-7.172951,-0.6222688,1296.mp4,2
6.2763114,-1.2586951,-9.570362,1297.mp4,13
8.173771,0.13384522,8.299667,1298.mp4,10
-0.8332249,0.09483327,5.8466563,1299.mp4,3
-12.789041,-10.187476,-7.2633524,1300.mp4,14
-5.8702846,2.2048824,-1.2194886,1301.mp4,2
6.4398108,3.041242,-3.4658053,1302.mp4,8
10.038699,-2.5024116,7.2756367,1303.mp4,10
-2.3843613,-2.9611514,6.44615,1304.mp4,2
-9.770412,5.3320603,6.5545883,1305.mp4,1
4.2541013,-1.4350443,8.249413,1306.mp4,14
6.533676,7.73709,14.815933,1307.mp4,6
-2.772726,3.42352,16.023773,1308.mp4,15
5.6158876,2.7230918,8.434718,1309.mp4,10
8.287689,-4.7321,4.887848,1310.mp4,10
-11.9944725,-10.989728,-5.2645464,1311.mp4,14
-10.476162,5.783424,6.15879,1312.mp4,1
8.941305,-0.4697632,-10.578531,1313.mp4,13
0.95860827,7.114082,-8.887885,1314.mp4,4
-0.56199354,-0.9741316,5.5604177,1315.mp4,2
1.9164985,0.13222463,-3.8034523,1316.mp4,23
-3.1175897,-1.1124833,4.8304553,1317.mp4,2
9.46209,-3.8287563,-7.626988,1318.mp4,13
-6.913034,-4.91723,4.3036184,1319.mp4,2
-3.1721675,1.6174905,3.8056061,1320.mp4,2
0.60924107,13.518286,-5.8988843,1321.mp4,4
-5.2420187,3.5577054,-1.30425,1322.mp4,0
7.8338304,-4.824011,-5.871045,1323.mp4,8
-2.5710216,6.6309247,-3.644286,1324.mp4,0
-3.1605175,7.124675,-3.5364082,1325.mp4,0
-0.9030657,-1.5277461,-3.1264024,1326.mp4,16
-10.957253,5.3363137,6.5762043,1327.mp4,1
-11.158826,-10.313556,-0.47319415,1328.mp4,2
-4.1901975,-7.3235965,2.523294,1329.mp4,2
-2.2951825,-1.3290708,7.119457,1330.mp4,2
-3.7852056,5.988038,-3.0307164,1331.mp4,0
-3.1404805,-4.851177,-0.007672584,1332.mp4,2
-2.306318,7.298213,-3.7204328,1333.mp4,0
-10.129963,-4.4734764,-1.3231559,1334.mp4,2
4.712743,-2.8278875,8.719695,1335.mp4,2
-2.7391686,10.034516,-5.388758,1336.mp4,4
3.284363,8.326013,11.623068,1337.mp4,6
4.7684455,6.9349537,12.741223,1338.mp4,6
12.426476,-5.16006,2.0220923,1339.mp4,19
-5.297366,-1.9402952,-5.467504,1340.mp4,2
-0.7497526,5.5504184,16.961306,1341.mp4,15
6.714644,-5.8899775,-6.9714146,1342.mp4,27
-8.301156,-2.4559839,2.6715064,1343.mp4,2
-6.174819,2.942169,-1.4236649,1344.mp4,2
-0.23701137,-0.7313837,-6.504242,1345.mp4,24
-5.6071444,-4.925951,3.2306263,1346.mp4,2
-8.967863,3.4879568,6.591553,1347.mp4,2
-3.4102051,8.413593,-2.4557898,1348.mp4,0
-7.298039,-11.011804,-4.534203,1349.mp4,16
9.3646,-2.6256692,7.3062043,1350.mp4,10
-3.4373343,-1.0498664,4.494509,1351.mp4,2
-1.6136198,6.8984427,0.07591807,1352.mp4,21
-9.048908,-8.45815,-3.273522,1353.mp4,2
-3.0990553,2.360947,16.40812,1354.mp4,15
5.7097783,3.3305993,8.80621,1355.mp4,10
-5.1567307,-1.1802323,-5.010799,1356.mp4,2
0.8864165,12.444764,-7.4613833,1357.mp4,4
-4.611386,3.1160789,-4.0122724,1358.mp4,0
5.81739,-3.7102902,6.104735,1359.mp4,10
1.3712134,11.609121,-7.7187037,1360.mp4,4
9.148092,-1.7292566,-7.4635315,1361.mp4,8
11.301729,-5.152439,1.1675826,1362.mp4,10
-8.264607,-10.093053,-3.442028,1363.mp4,16
-3.7312856,3.8981977,-2.282982,1364.mp4,0
-8.598111,-7.491112,-5.039648,1365.mp4,2
-4.361198,0.70241225,6.4702864,1366.mp4,2
-9.122308,-7.8443155,0.16138428,1367.mp4,2
-10.008838,-9.46744,-1.5701222,1368.mp4,2
0.5228396,6.802568,3.6240363,1369.mp4,23
7.5164576,8.308624,12.645447,1370.mp4,6
-9.244766,-4.4480643,-2.26429,1371.mp4,2
0.3411919,7.3179774,4.004354,1372.mp4,23
10.611368,-4.4425774,-2.876168,1373.mp4,8
5.8117204,-2.4902184,-5.454265,1374.mp4,8
9.621415,0.6822664,-7.9973865,1375.mp4,8
4.0451446,-2.6278365,-6.1839004,1376.mp4,2
6.4214506,9.283136,14.899125,1377.mp4,6
0.29500985,14.109739,-7.8026023,1378.mp4,4
-10.8447275,-9.489861,-3.4157171,1379.mp4,14
-4.5157447,-8.292442,-7.3099093,1380.mp4,16
-2.3583386,2.4148996,16.671759,1381.mp4,15
-8.695426,5.101227,5.449253,1382.mp4,2
-1.434783,3.387214,17.180433,1383.mp4,15
-4.9514365,5.36439,4.5862436,1384.mp4,0
7.148248,7.874942,14.504255,1385.mp4,6
-1.2712816,9.959993,-7.331121,1386.mp4,4
-2.573467,8.630588,-3.4514046,1387.mp4,4
-0.18537667,-1.1278491,8.43999,1388.mp4,17
-1.133718,15.842074,-0.0008443211,1389.mp4,4
4.564473,2.234728,7.0998793,1390.mp4,22
-8.8440485,-7.421763,-4.405079,1391.mp4,2
2.2971396,2.5699418,-4.166963,1392.mp4,0
2.9140813,-4.688575,-4.089395,1393.mp4,18
6.472145,7.0531406,12.686618,1394.mp4,6
0.94674444,-6.9911947,-0.39105603,1395.mp4,4
-9.072331,-6.074136,5.277107,1396.mp4,2
5.023405,-6.226765,-5.640736,1397.mp4,27
-0.36387846,-1.5728383,7.824886,1398.mp4,2
4.8443165,7.5931954,12.127625,1399.mp4,6
0.76267886,6.7788806,-8.83663,1400.mp4,12
3.1820686,3.3453207,2.305888,1401.mp4,3
2.8886166,-2.7208593,-6.9980907,1402.mp4,2
6.0462446,-6.758901,0.10777884,1403.mp4,20
-1.0049504,-0.15590076,6.7787037,1404.mp4,2
-9.627802,-8.510405,0.4355435,1405.mp4,2
10.721978,-3.5374658,-4.3004446,1406.mp4,8
-0.5678984,4.2429905,16.92241,1407.mp4,15
-2.0922675,3.1933753,17.333307,1408.mp4,15
-0.9282213,13.766527,-6.091299,1409.mp4,4
-5.42001,-7.419191,-1.8094395,1410.mp4,2
-8.591316,-7.7789516,4.1716022,1411.mp4,2
-2.789026,5.1764555,-0.90997195,1412.mp4,0
-6.090737,6.0818934,7.275645,1413.mp4,1
8.309646,-2.4279287,10.537672,1414.mp4,10
-4.571573,-7.168927,1.7229862,1415.mp4,2
-11.66517,-8.133106,-5.9194436,1416.mp4,14
-11.221098,-9.605767,-4.534576,1417.mp4,14
-11.148252,-10.012204,-6.2306666,1418.mp4,14
8.15464,-2.7900457,-3.4021778,1419.mp4,8
-4.1719623,-9.667407,-6.315055,1420.mp4,16
0.6359391,7.0448475,-8.977354,1421.mp4,4
8.865026,0.730294,-7.7886977,1422.mp4,8
10.09979,-2.2168171,10.469806,1423.mp4,10
-1.2593093,4.9427676,17.860159,1424.mp4,15
10.317416,-2.3936818,10.886835,1425.mp4,10
2.011504,9.616987,-8.438987,1426.mp4,4
-0.5914837,15.204179,-4.958761,1427.mp4,28
-7.895603,3.5647225,6.791701,1428.mp4,2
-10.588526,-9.561131,-6.7510686,1429.mp4,14
2.9324198,-1.9061359,-2.4806247,1430.mp4,22
-0.6924289,9.236019,-3.6800106,1431.mp4,4
-3.9638076,-9.822662,-6.048135,1432.mp4,16
1.473932,-0.7353235,-1.4782356,1433.mp4,22
11.488943,-1.7962112,-1.5052114,1434.mp4,19
-0.69143814,5.3554893,17.060387,1435.mp4,15
-1.5301479,-4.475088,-0.90917486,1436.mp4,22
-7.8071046,3.2510889,5.734795,1437.mp4,2
6.0634575,6.5708036,12.930396,1438.mp4,6
2.1454558,9.808576,-8.304775,1439.mp4,4
7.674253,-3.2718155,-6.721376,1440.mp4,8
11.999653,-2.5841734,8.429363,1441.mp4,10
4.2379417,-1.5095843,4.019812,1442.mp4,3
5.1598988,2.3438072,-5.2514997,1443.mp4,19
-3.300007,2.8664079,17.39013,1444.mp4,15
-1.4274981,-9.458098,-5.069638,1445.mp4,26
-0.20088226,13.965016,-5.7319965,1446.mp4,4
5.966136,6.9111485,12.118168,1447.mp4,6
-0.111494616,-0.5465051,3.5616918,1448.mp4,3
0.70102936,20.070543,0.8743053,1449.mp4,9
3.8923013,-3.202582,5.7384944,1450.mp4,2
-1.3709247,17.777966,0.50939876,1451.mp4,9
-8.714327,-3.985142,-2.921747,1452.mp4,2
-4.6404514,-9.89719,-7.6736517,1453.mp4,26
3.6578963,-2.9323235,-6.4726734,1454.mp4,2
-2.627886,6.381439,2.8753414,1455.mp4,4
-7.3725767,-7.1469398,5.205654,1456.mp4,2
-0.40944207,1.267744,-6.658058,1457.mp4,22
-8.014864,4.4046583,6.7076025,1458.mp4,2
-2.8901024,-3.957084,-2.9488184,1459.mp4,2
-2.5796404,4.1498094,17.577936,1460.mp4,15
-4.6400356,-2.6112695,3.4350624,1461.mp4,2
-1.417891,-3.0344746,4.653196,1462.mp4,2
-8.412515,-3.0773506,-3.6707368,1463.mp4,2
10.789386,-4.8631973,-0.34614965,1464.mp4,19
-11.135585,-10.601879,-5.966779,1465.mp4,14
-6.2908535,-3.009247,1.7237906,1466.mp4,2
-0.7221961,9.284108,-2.7636642,1467.mp4,4
-1.9915261,4.467091,17.888994,1468.mp4,15
-3.508627,2.340656,16.654985,1469.mp4,15
2.1092355,11.77236,-3.0299964,1470.mp4,4
9.982052,-2.7821522,9.843829,1471.mp4,10
5.464134,5.058745,10.904823,1472.mp4,6
0.060281817,-11.928208,-1.8434069,1473.mp4,5
-2.5550213,-5.0533986,-8.019649,1474.mp4,11
11.394621,-5.518923,3.9260576,1475.mp4,10
2.1288974,11.131428,-9.935771,1476.mp4,4
-1.9506824,3.365599,-1.0637009,1477.mp4,0
7.0251055,-6.329323,3.6288776,1478.mp4,5
-8.395817,5.8261476,7.6767993,1479.mp4,1
1.9464024,1.3961954,1.5479956,1480.mp4,3
-10.159205,-9.23234,-3.5003746,1481.mp4,14
-9.16258,7.4338565,7.939146,1482.mp4,1
-4.687656,-5.0369315,-5.847182,1483.mp4,2
-0.41669416,-5.5332246,1.3363311,1484.mp4,2
2.8428955,-11.705492,-0.85411894,1485.mp4,5
-1.9834235,-2.3739061,-7.7391186,1486.mp4,24
10.085845,-0.036545184,3.848751,1487.mp4,10
-6.2825184,-7.486742,3.4523602,1488.mp4,2
-8.534509,-6.3332977,-1.392293,1489.mp4,2
5.567528,7.900179,12.982293,1490.mp4,6
4.2655654,7.5308895,11.534245,1491.mp4,6
6.0140767,-1.6017495,-6.2443476,1492.mp4,8
-10.983556,-5.7333345,-0.9211172,1493.mp4,2
-7.409533,-7.224558,2.3534737,1494.mp4,2
-2.0791032,3.9273925,-6.167538,1495.mp4,12
1.0521209,11.20559,-1.8547109,1496.mp4,4
-7.0536504,-9.349466,3.6307101,1497.mp4,2
0.5996359,19.523735,0.7269203,1498.mp4,9
-5.2308245,-1.6313192,2.868316,1499.mp4,2
-2.1318674,7.0649133,-4.993774,1500.mp4,0
-7.415716,-0.876069,5.1007266,1501.mp4,2
-3.3404868,1.2489582,-7.61248,1502.mp4,26
-7.5562415,-7.8160024,-5.3211927,1503.mp4,16
-4.8662977,0.95764416,6.486661,1504.mp4,2
-11.320256,-5.5292816,-5.652844,1505.mp4,12
-4.518262,1.9738494,4.3412466,1506.mp4,2
7.789709,-0.29433572,6.671426,1507.mp4,10
-10.132156,-5.462661,0.18683156,1508.mp4,2
-3.4748611,-11.121018,-2.6747482,1509.mp4,14
1.5884982,11.346551,-7.104472,1510.mp4,4
3.9201775,-4.5855036,5.089064,1511.mp4,10
-9.261118,-3.9907603,4.7938094,1512.mp4,2
7.100085,3.638969,4.825996,1513.mp4,12
10.536457,-1.366208,3.143584,1514.mp4,10
-5.0284505,-4.9965525,-5.6167583,1515.mp4,2
-0.6946816,10.058084,-7.5605526,1516.mp4,4
-9.783841,7.429125,8.863318,1517.mp4,1
0.648883,4.4323955,-8.414693,1518.mp4,12
10.760533,-1.8956472,10.110951,1519.mp4,10
-5.457745,-3.0060015,-5.128501,1520.mp4,2
-5.675254,-3.2745304,6.603444,1521.mp4,2
-1.2619355,1.3269799,-1.9168798,1522.mp4,2
-5.425053,2.3052528,-4.4000506,1523.mp4,2
-6.8506894,-6.322493,0.4698522,1524.mp4,2
-4.081173,0.055470075,3.9715028,1525.mp4,2
-6.6131325,-2.7147899,2.1679049,1526.mp4,2
-4.7415714,1.0423938,-4.3323264,1527.mp4,2
-8.784588,-5.807587,-2.563035,1528.mp4,2
4.020502,-4.466069,5.11862,1529.mp4,2
-9.664089,5.837845,8.288098,1530.mp4,1
-2.5893102,4.263851,-3.921115,1531.mp4,0
6.9218936,-4.1549444,6.3376575,1532.mp4,10
1.0112222,4.647366,-1.3711393,1533.mp4,2
0.9541985,-1.4492235,2.582938,1534.mp4,3
-2.1508548,9.222647,-0.8467429,1535.mp4,21
-0.13706946,7.3240743,-3.7103825,1536.mp4,4
0.09128891,-2.3644555,-8.976496,1537.mp4,24
-4.581276,-2.586593,-2.2290418,1538.mp4,2
4.318464,7.502828,16.13777,1539.mp4,6
-10.22277,-4.4097924,-0.34229562,1540.mp4,2
6.541994,0.04882762,6.040105,1541.mp4,10
1.2814316,6.008727,16.766623,1542.mp4,15
6.878936,-3.4500895,-7.0777025,1543.mp4,8
-10.324607,7.02123,7.467459,1544.mp4,1
-3.8390656,-2.071243,0.16330132,1545.mp4,2
-4.7667203,-5.6460404,3.529938,1546.mp4,2
-8.463981,-11.710235,-6.8372126,1547.mp4,16
-7.070132,-11.032351,-6.7995963,1548.mp4,16
-2.2176714,6.558718,-4.054442,1549.mp4,0
3.8257437,-4.8840327,-0.29893944,1550.mp4,3
-2.4875028,4.0781455,18.030712,1551.mp4,15
2.0860002,1.4963669,1.4202676,1552.mp4,0
4.232608,-3.6007974,-2.2399585,1553.mp4,22
0.29933074,7.245235,-3.6837826,1554.mp4,4
-4.4041824,-2.2270455,-0.2860452,1555.mp4,2
12.324867,-1.730496,7.0163894,1556.mp4,10
0.9532401,5.5647607,14.771014,1557.mp4,6
-10.969221,-3.5336618,2.0851715,1558.mp4,2
-7.385845,7.733862,7.1113415,1559.mp4,1
-1.8115609,3.3603508,-6.1786737,1560.mp4,29
5.7514343,4.7757735,10.40522,1561.mp4,6
10.673271,-5.663025,-1.5201018,1562.mp4,19
-4.7878594,-6.2310557,2.5402586,1563.mp4,2
-9.180209,-6.038219,3.357876,1564.mp4,2
4.5481896,-2.3896387,7.5244303,1565.mp4,2
2.6516001,10.510229,-3.4428186,1566.mp4,4
-1.8056694,-0.8498004,9.102608,1567.mp4,17
-3.8470755,-5.9153004,-9.13355,1568.mp4,11
-8.361646,-8.785621,-5.2356887,1569.mp4,16
-2.5419438,-5.0478806,-8.213776,1570.mp4,24
-2.30809,5.869135,-3.5178754,1571.mp4,0
-9.387392,-7.729554,-4.979293,1572.mp4,12
1.2450389,8.51955,-8.301395,1573.mp4,4
-7.8156123,5.237169,8.40307,1574.mp4,1
1.3740141,7.209722,-2.6683478,1575.mp4,4
7.807527,-3.7875233,4.4177165,1576.mp4,10
-2.0058494,-1.9651163,-7.1167016,1577.mp4,2
-7.0067554,-9.376046,3.5520427,1578.mp4,2
-2.7579212,-2.61258,1.1696273,1579.mp4,2
-8.135805,-7.618828,1.6790063,1580.mp4,2
6.0275393,8.253155,10.516924,1581.mp4,6
-2.109554,-0.040922377,-1.7230105,1582.mp4,2
0.95889556,3.134855,-7.1412225,1583.mp4,12
-3.2509174,-6.67405,-8.636376,1584.mp4,11
4.5011997,-7.61572,-0.50006837,1585.mp4,20
-5.029911,-8.847682,-7.1650834,1586.mp4,16
12.219476,-6.214065,-3.2250211,1587.mp4,5
1.8291384,11.8952465,-3.8856559,1588.mp4,4
8.324344,-0.20018674,6.007092,1589.mp4,10
10.745829,-1.692556,-3.6361809,1590.mp4,8
1.1532625,-12.969024,-0.4919754,1591.mp4,5
0.96011627,12.427823,-9.078194,1592.mp4,4
2.210146,-3.734172,-5.90162,1593.mp4,2
0.089272514,4.5840135,16.041138,1594.mp4,15
-5.300145,-3.2152827,3.801525,1595.mp4,2
13.808315,-1.281181,4.3831997,1596.mp4,10
-8.962791,-4.7750354,1.4994653,1597.mp4,2
10.063499,-2.2051845,10.456029,1598.mp4,10
8.594708,0.25489935,-8.529959,1599.mp4,8
0.2557638,-1.1728384,5.8066516,1600.mp4,2
10.962769,-2.3580544,-1.7257137,1601.mp4,19
-3.2984412,5.9933424,3.6006744,1602.mp4,1
-8.806212,6.1274004,5.1037683,1603.mp4,1
-5.852374,5.5674257,7.0870433,1604.mp4,23
10.843132,-1.6536944,-1.6894201,1605.mp4,19
-3.4880593,-4.634969,5.8178406,1606.mp4,2
-3.2974005,5.9567,3.567921,1607.mp4,0
1.9276464,10.40557,-9.843336,1608.mp4,4
-2.1497126,6.3162913,-0.4320204,1609.mp4,0
6.4531116,8.060801,15.331061,1610.mp4,6
-1.1262633,-3.0349996,-0.6847634,1611.mp4,2
-0.4301691,5.5095797,-5.331574,1612.mp4,12
4.431769,-7.672122,-0.27060187,1613.mp4,20
-7.025942,7.363644,7.3537054,1614.mp4,1
8.504781,0.7072944,-8.229835,1615.mp4,8
1.8952018,10.5197115,-9.587484,1616.mp4,4
6.091328,5.987989,11.728795,1617.mp4,6
3.2062986,1.494597,2.6777697,1618.mp4,3
-3.1948102,5.458768,-1.3480227,1619.mp4,0
1.3966696,11.75513,-10.033625,1620.mp4,4
-1.0356252,-11.244488,-1.7781005,1621.mp4,7
-0.4149972,4.9633346,17.231634,1622.mp4,15
0.4584476,-11.713506,-2.8202014,1623.mp4,5
-2.3066278,4.939937,-1.4575826,1624.mp4,0
-2.9966714,-0.83819044,-1.1132513,1625.mp4,2
-0.26162618,5.0674825,15.034895,1626.mp4,15
6.1909943,-2.4518008,8.718062,1627.mp4,10
-10.543793,-10.605647,-4.5594697,1628.mp4,14
8.07124,-1.2275268,-10.775649,1629.mp4,13
10.218954,0.37386167,6.868478,1630.mp4,10
-3.174816,-4.4260397,5.6812935,1631.mp4,2
7.1515665,-6.3946085,-1.9255483,1632.mp4,7
-5.6958203,2.1904948,-3.9364862,1633.mp4,0
4.847237,8.508905,11.233419,1634.mp4,6
-0.7970188,-4.1201134,-1.2142556,1635.mp4,2
0.41697675,-2.309853,2.32454,1636.mp4,22
1.1246866,5.2835326,-9.426156,1637.mp4,12
-2.389388,6.9743943,-4.8073997,1638.mp4,0
-3.7375562,0.6189017,3.6886637,1639.mp4,26
2.5209985,6.593803,16.400965,1640.mp4,6
-2.032097,5.0412607,-1.698417,1641.mp4,0
4.111395,-1.3461457,-9.063257,1642.mp4,24
1.9140942,-3.3217697,-5.4922156,1643.mp4,2
6.5492477,-3.5882556,-8.780302,1644.mp4,13
6.905364,7.4726357,13.491917,1645.mp4,6
-1.4625525,-2.596864,4.90473,1646.mp4,2
-5.5880017,-5.840043,4.9531937,1647.mp4,2
1.4633605,4.035252,3.3057756,1648.mp4,23
1.1963391,-2.2616744,-7.2876577,1649.mp4,2
11.382758,-1.8255684,-1.7296762,1650.mp4,19
-0.5244577,11.001212,-7.1869335,1651.mp4,4
1.4859962,-0.37181237,-6.8488936,1652.mp4,13
-1.7026628,-3.0108857,3.933738,1653.mp4,2
8.306461,-2.9600136,-8.877152,1654.mp4,13
12.257567,-2.0595512,7.2159653,1655.mp4,10
-2.301084,3.7945874,-3.859446,1656.mp4,0
9.00775,-2.2255948,-10.089498,1657.mp4,13
-1.5237813,4.1485615,16.910366,1658.mp4,15
1.7210624,7.0013313,0.4338834,1659.mp4,4
-10.153317,-11.258397,-4.8715973,1660.mp4,14
-9.347892,-5.93393,0.3584161,1661.mp4,2
-2.5121145,6.457043,2.7442403,1662.mp4,0
4.980692,2.2495806,-5.681587,1663.mp4,13
-3.687249,5.935349,-1.1953784,1664.mp4,0
4.872134,-2.0103338,7.7961135,1665.mp4,2
-11.459681,-10.145139,-5.092499,1666.mp4,14
-12.518653,-9.520155,-3.3436806,1667.mp4,14
-0.28603998,7.7624435,-1.2688346,1668.mp4,21
3.3374565,-2.7051153,-6.589918,1669.mp4,2
-4.860039,-4.9084153,3.1497576,1670.mp4,2
-2.134825,-1.7718499,-6.6239696,1671.mp4,29
-1.2684796,-0.085261635,6.2404394,1672.mp4,2
1.5712239,2.8577833,-6.98165,1673.mp4,12
1.0623105,-9.7577305,-2.17038,1674.mp4,5
5.3863387,3.0381265,8.330921,1675.mp4,10
-5.704806,-0.41985297,-0.4841032,1676.mp4,2
-4.3146844,1.6430186,6.1450477,1677.mp4,2
1.2124894,8.645937,-5.375562,1678.mp4,4
7.995005,-3.2776687,-8.747984,1679.mp4,13
1.4369888,12.413395,-7.7885866,1680.mp4,4
-3.6529484,5.375823,-5.330634,1681.mp4,0
-6.0960703,0.67734206,-1.3394245,1682.mp4,0
-9.602354,-11.704133,-4.9642963,1683.mp4,14
5.4885783,9.425425,13.116542,1684.mp4,6
12.854014,-2.8833613,7.859608,1685.mp4,10
2.2092984,7.792629,-4.04989,1686.mp4,21
-4.086662,3.2060273,0.6514008,1687.mp4,29
2.5390694,7.3402,-8.820151,1688.mp4,4
-2.7629986,5.0065155,-6.490639,1689.mp4,12
4.8954196,-6.2983165,-5.6144166,1690.mp4,27
11.633111,-6.0208473,4.0450487,1691.mp4,10
-12.981032,-10.55903,-7.4496117,1692.mp4,14
-4.528448,-6.985096,-8.928508,1693.mp4,1
1.6027327,9.532796,-1.988857,1694.mp4,4
3.3374321,0.6317362,2.8687596,1695.mp4,3
-10.386467,-8.928618,2.4927905,1696.mp4,2
-5.573562,-6.1111703,6.691962,1697.mp4,2
-6.2739754,-0.16027616,-1.819555,1698.mp4,2
-10.824415,-5.6846557,2.6893709,1699.mp4,2
-1.3341601,5.251255,-1.2189801,1700.mp4,0
10.697107,-2.2887883,-9.220133,1701.mp4,13
4.1640606,0.6654745,-8.902855,1702.mp4,13
11.04269,-6.8811812,4.398138,1703.mp4,10
4.1686263,-3.309229,5.5526323,1704.mp4,2
12.632953,-3.9488485,0.67628646,1705.mp4,19
13.031343,-0.39290136,5.3850355,1706.mp4,10
-7.4799895,-0.50786996,-3.8703027,1707.mp4,2
2.1406546,11.937689,-10.242475,1708.mp4,4
-0.7612816,-2.969666,-0.85633355,1709.mp4,2
-7.540272,-2.699113,4.849359,1710.mp4,2
-1.1492546,15.936535,0.109711245,1711.mp4,9
-5.560614,-9.666486,-6.274554,1712.mp4,16
-9.672382,6.4809675,7.232944,1713.mp4,1
2.518928,4.54383,-8.417436,1714.mp4,12
-0.50656044,11.44491,-10.135547,1715.mp4,12
-1.1348025,14.992098,-6.5553637,1716.mp4,28
-2.2076452,-5.4909396,-8.74375,1717.mp4,11
-2.521684,-5.6643176,-8.694831,1718.mp4,11
-6.425946,6.46987,6.908427,1719.mp4,1
3.5007865,-4.141224,-4.0724397,1720.mp4,22
-6.0545826,-5.8051915,0.18674186,1721.mp4,2
0.9654324,7.4335704,0.0027334546,1722.mp4,21
-6.7096133,-3.3608027,1.6584101,1723.mp4,2
6.060856,-2.4029999,6.271675,1724.mp4,10
4.1599097,-3.5957158,1.9508103,1725.mp4,5
8.680942,-4.647241,-4.116611,1726.mp4,8
-8.722419,-6.2057595,0.17797923,1727.mp4,2
5.3934546,4.597535,10.228104,1728.mp4,6
-2.3383114,0.32478905,6.4278398,1729.mp4,2
0.8548456,-9.292303,-2.6237383,1730.mp4,7
-8.196444,6.035263,5.285706,1731.mp4,1
2.6029205,4.467237,-8.298711,1732.mp4,12
-2.6058328,3.3555744,16.37126,1733.mp4,15
1.6158886,6.9205804,0.47636896,1734.mp4,4
-1.2698885,8.97015,-3.021368,1735.mp4,4
3.3423207,-4.08347,-6.4232817,1736.mp4,8
5.254378,-1.6026661,-9.003111,1737.mp4,13
-5.082681,0.90568924,-4.8075795,1738.mp4,12
7.431806,-5.0604644,-6.0974646,1739.mp4,27
0.4476848,19.844759,1.3416018,1740.mp4,9
-5.0305147,-5.09042,0.4632415,1741.mp4,2
6.811465,-2.654747,-5.168103,1742.mp4,8
-2.0203943,6.343471,-2.923242,1743.mp4,0
5.24627,-5.1515226,0.21055155,1744.mp4,2
-8.664082,-10.011279,-2.2670834,1745.mp4,2
-5.2169547,-6.3477654,-1.1173306,1746.mp4,2
-0.6313421,9.229128,-1.6113971,1747.mp4,21
-10.247136,-10.572535,-7.1121774,1748.mp4,14
-10.766021,-9.217687,-3.1475627,1749.mp4,2
-2.877346,0.1545374,6.9720616,1750.mp4,2
0.87969655,4.7801256,-1.454782,1751.mp4,21
5.0701246,-8.307467,0.557068,1752.mp4,20
-8.410605,-6.604399,2.8437266,1753.mp4,2
-9.293482,5.7689905,5.475156,1754.mp4,1
9.605619,-4.4004927,-2.2955418,1755.mp4,19
0.33495498,5.164456,15.59121,1756.mp4,15
7.5080204,-0.09910122,5.935984,1757.mp4,10
-6.087345,-5.3635683,2.8619854,1758.mp4,2
3.8096285,0.5417525,-4.1398816,1759.mp4,0
-1.0084968,14.585582,-6.35242,1760.mp4,28
-10.639583,-7.7631516,-3.4406202,1761.mp4,2
-4.399108,-7.314522,1.2278866,1762.mp4,2
-5.0935607,-0.69367343,6.3727756,1763.mp4,2
6.972735,-1.4867688,-7.8639154,1764.mp4,8
10.254816,-3.0812979,6.0986485,1765.mp4,10
4.58765,3.2484336,-1.139961,1766.mp4,0
9.55269,-1.1136085,-9.461905,1767.mp4,8
5.45472,-8.548684,-0.65139157,1768.mp4,20
4.400398,7.0164304,15.191266,1769.mp4,6
-2.5457742,-4.5854826,1.4785439,1770.mp4,2
6.5666966,0.20948401,6.379071,1771.mp4,10
3.9066179,7.682483,12.14193,1772.mp4,6
-8.842115,-9.181737,2.1665802,1773.mp4,2
10.767132,-1.6604625,-4.767988,1774.mp4,8
-4.597597,3.2827477,-3.7561574,1775.mp4,0
2.9076009,-12.353108,-1.5111355,1776.mp4,5
1.3160864,-2.2471435,-7.640882,1777.mp4,24
-1.4027869,7.9143934,-5.2635455,1778.mp4,4
9.167409,-0.20751244,-8.509838,1779.mp4,8
5.6035137,-1.9637852,-5.36353,1780.mp4,8
-7.549105,7.731557,6.6217656,1781.mp4,1
4.106731,7.1394215,15.443997,1782.mp4,6
-4.713747,-9.866689,-6.658873,1783.mp4,16
-5.5947943,6.7264543,7.246661,1784.mp4,23
-1.2341683,-2.175063,5.439551,1785.mp4,2
2.49611,-13.061971,-0.70410997,1786.mp4,5
-3.1998343,-3.000193,-2.2644742,1787.mp4,2
3.9268064,-7.0475464,-0.06923091,1788.mp4,20
-1.7723578,12.922811,-7.045276,1789.mp4,28
9.444684,-2.0989528,7.64803,1790.mp4,10
2.6124756,5.2662945,7.1297984,1791.mp4,23
13.137748,-0.28297386,5.2181764,1792.mp4,10
5.2282715,0.29573494,4.460344,1793.mp4,3
0.09673931,7.781196,1.7877291,1794.mp4,23
7.800289,-4.672834,-5.763381,1795.mp4,8
1.9738209,8.703322,-2.3693452,1796.mp4,4
3.2098606,4.72312,8.395456,1797.mp4,23
-0.11774291,1.0192208,-3.6881526,1798.mp4,29
-0.23406897,-2.6855178,-7.3673034,1799.mp4,24
-2.4946864,-2.9899266,3.5365102,1800.mp4,2
-7.375819,-6.3245754,6.2953124,1801.mp4,2
-5.02525,-1.6145643,2.7527838,1802.mp4,2
-12.724091,-9.0107155,-6.6930203,1803.mp4,14
-8.842841,-4.4967647,6.125398,1804.mp4,2
-9.995038,8.313751,7.272961,1805.mp4,1
-6.8985534,-6.2731075,0.19761309,1806.mp4,2
0.97256625,5.9969416,16.98079,1807.mp4,15
-10.575791,-6.3168964,-2.5564327,1808.mp4,2
5.0694585,-1.4908952,-9.575051,1809.mp4,13
-10.028202,-10.330679,-6.6070476,1810.mp4,14
0.53414893,-1.8200207,2.6694803,1811.mp4,2
-5.2065053,-2.4606788,0.13336153,1812.mp4,2
11.176597,-2.5773683,8.758148,1813.mp4,10
0.055407327,19.256178,1.3469876,1814.mp4,9
-1.2873849,4.851451,16.38344,1815.mp4,15
5.864583,-4.530709,-1.4427581,1816.mp4,2
-10.135853,6.963668,7.6600695,1817.mp4,1
-6.0876975,-10.404168,3.7105188,1818.mp4,2
10.235577,-6.0209317,-1.6343459,1819.mp4,19
-9.14524,-8.187322,-5.1564083,1820.mp4,12
0.4246278,-2.049759,2.5949259,1821.mp4,2
7.867368,-0.7528458,-0.9410935,1822.mp4,3
2.0838513,8.105555,-2.3945582,1823.mp4,4
-4.3786526,-5.072607,-6.1914043,1824.mp4,2
-11.98408,-9.825454,-7.419516,1825.mp4,14
-0.025724264,18.61169,1.6611338,1826.mp4,9
2.4793727,2.639279,-6.9279366,1827.mp4,13
8.99542,-1.706537,-4.857896,1828.mp4,13
2.340342,6.3018117,15.732442,1829.mp4,6
11.487235,-3.1191597,-0.37748146,1830.mp4,19
3.4027665,-4.142627,2.4030654,1831.mp4,5
7.4779253,0.43208858,-5.626672,1832.mp4,8
-0.7674126,7.6434264,0.7128336,1833.mp4,21
-1.7706938,6.7369037,-1.1124789,1834.mp4,0
-0.42340648,13.975331,-6.4013343,1835.mp4,28
-1.0466917,11.694976,-8.894785,1836.mp4,12
3.7541826,0.50411326,-4.88877,1837.mp4,8
1.1857047,-1.9475611,-8.044839,1838.mp4,24
-9.400538,-9.74625,-0.8604674,1839.mp4,2
-6.5165424,6.7478256,7.040555,1840.mp4,1
-9.354519,8.629427,7.754016,1841.mp4,1
-3.182049,-3.2681324,1.5686547,1842.mp4,2
9.337852,-1.6376966,-7.6882167,1843.mp4,8
7.5679955,-4.571284,4.784386,1844.mp4,10
2.043548,-3.3456068,-5.574375,1845.mp4,13
-0.7440682,7.190673,1.6919303,1846.mp4,23
6.2054305,-0.9985789,-7.8707514,1847.mp4,8
-1.1271827,7.6509147,0.033502627,1848.mp4,21
4.943232,6.144349,11.330552,1849.mp4,6
-9.777577,-4.883104,-3.0737658,1850.mp4,2
-8.500064,-8.021235,-3.6176188,1851.mp4,2
0.42267665,19.558128,-0.2678923,1852.mp4,9
5.157203,4.254039,9.730415,1853.mp4,6
-0.7622332,17.647541,-0.4988542,1854.mp4,9
-8.995914,-10.704944,-6.351361,1855.mp4,16
-7.61396,-6.9071918,0.8185793,1856.mp4,2
1.1682326,7.881962,-0.7142212,1857.mp4,21
8.954609,-5.7973514,-6.491433,1858.mp4,8
-2.0505052,-1.2340162,7.1852126,1859.mp4,2
1.5151958,8.443323,-0.43771386,1860.mp4,21
-9.499741,-7.971071,-3.2778084,1861.mp4,2
-2.062941,-0.58855265,8.212739,1862.mp4,17
-9.713979,-6.078235,1.5936586,1863.mp4,2
4.6912766,2.096174,6.6955624,1864.mp4,17
-1.2436532,-2.4572186,1.831381,1865.mp4,2
-0.9255503,1.9995311,-1.5925817,1866.mp4,0
0.6932914,10.694653,-1.2552706,1867.mp4,21
11.375063,-2.6107721,-0.44411543,1868.mp4,19
-10.2198305,-3.0891976,-3.1491847,1869.mp4,2
9.143533,-3.8036752,-4.4359446,1870.mp4,8
4.80018,-1.8676462,7.3644724,1871.mp4,10
1.1476976,8.214339,-8.262923,1872.mp4,4
6.377573,-5.882852,-5.0773,1873.mp4,27
-8.566227,-6.7845173,3.2190778,1874.mp4,2
5.9760804,2.9310613,6.8837075,1875.mp4,10
0.058589254,1.8857292,-3.845757,1876.mp4,4
0.67396307,10.436327,-1.3380545,1877.mp4,21
7.1778255,-5.3417006,-6.8230543,1878.mp4,27
-1.3390315,1.064988,-7.597198,1879.mp4,12
-9.753795,-5.944665,0.20994256,1880.mp4,2
-3.9094555,4.744452,5.4500403,1881.mp4,18
-7.7707567,-6.670237,2.6762881,1882.mp4,2
4.5212483,2.1230488,-1.7353618,1883.mp4,4
-8.102756,6.8979044,6.144488,1884.mp4,1
8.16007,-4.1341925,4.637848,1885.mp4,10
-5.389493,-5.3064075,-8.172009,1886.mp4,26
6.4464154,2.767541,-4.0862837,1887.mp4,8
3.0335975,3.4949672,2.4192662,1888.mp4,3
7.310757,7.795783,13.191304,1889.mp4,6
-3.0080996,1.3322002,3.7056122,1890.mp4,2
-9.2043705,-6.6773725,3.4068506,1891.mp4,2
0.8647997,10.577524,-4.5637493,1892.mp4,4
-10.906083,-8.110413,-4.269426,1893.mp4,14
7.18178,7.8711476,15.203386,1894.mp4,6
5.4117894,8.890918,12.443957,1895.mp4,6
-8.468031,4.7893,6.5336647,1896.mp4,2
-2.8312976,11.336816,-1.9991341,1897.mp4,4
-2.0580518,-0.9209236,6.8388376,1898.mp4,2
2.3099272,-3.4330506,-2.6101074,1899.mp4,22
-8.617963,-10.264152,-0.5348568,1900.mp4,2
9.593075,-3.4094496,3.3438718,1901.mp4,10
-10.551229,-10.08943,-1.4446243,1902.mp4,2
5.385011,3.2789092,8.605735,1903.mp4,10
-8.049152,1.8816768,-3.9516995,1904.mp4,2
-0.33945528,-6.201162,4.1311684,1905.mp4,2
9.483337,-4.455881,-3.5575795,1906.mp4,8
10.621273,-2.3689208,10.259359,1907.mp4,10
-4.7559214,1.0761405,7.315602,1908.mp4,23
1.0961531,5.82969,17.02412,1909.mp4,15
1.9070822,7.990271,-5.6510587,1910.mp4,4
-2.9873612,3.5551534,17.615168,1911.mp4,15
-9.81202,-9.13068,0.22130325,1912.mp4,2
2.6130087,6.460428,15.64073,1913.mp4,6
2.4974272,-0.35619548,-6.156547,1914.mp4,13
1.3559989,9.031004,-7.967297,1915.mp4,4
9.403306,-1.1279056,7.0008993,1916.mp4,10
5.8654,7.903079,15.468052,1917.mp4,6
-10.151502,-7.4659686,0.16730794,1918.mp4,2
7.058412,3.5877144,4.9641023,1919.mp4,10
2.620367,7.4001913,-1.6185621,1920.mp4,3
-2.6011894,8.132809,-5.0928288,1921.mp4,4
12.580228,-5.165441,1.9249876,1922.mp4,19
5.4028654,-3.8065627,5.6349273,1923.mp4,10
-10.782205,-11.39722,-6.561933,1924.mp4,14
4.7803855,8.579839,15.143388,1925.mp4,6
8.075957,-3.912621,-7.842014,1926.mp4,13
4.950609,3.024283,8.947039,1927.mp4,10
3.7806726,3.9869008,8.29564,1928.mp4,10
-6.6967382,-10.095435,3.6619294,1929.mp4,2
-10.157381,-7.109455,2.3690488,1930.mp4,2
9.821738,-0.24916863,-8.600028,1931.mp4,8
-2.134231,3.7458556,-2.454684,1932.mp4,0
10.612138,-6.130547,3.9104462,1933.mp4,5
13.266908,-3.0461025,6.2927494,1934.mp4,10
-12.710975,-9.714131,-3.4192164,1935.mp4,14
0.712587,18.458279,1.5607096,1936.mp4,9
-6.332518,-0.9913335,-6.11258,1937.mp4,12
-2.7026227,2.198102,17.894728,1938.mp4,15
2.5279949,3.9729042,8.503542,1939.mp4,23
11.450775,-3.1485746,8.653788,1940.mp4,10
-3.541921,-3.073611,-1.2042271,1941.mp4,2
0.15096381,18.005926,1.3289716,1942.mp4,9
9.745354,-1.4168843,-1.7384975,1943.mp4,19
-6.024804,-10.546614,3.773224,1944.mp4,2
-2.8205729,9.917074,-5.38143,1945.mp4,4
-4.869324,3.8532004,-0.9340415,1946.mp4,0
1.7220347,-0.0835894,3.6901994,1947.mp4,3
-6.9518604,-0.96284395,-5.6034603,1948.mp4,12
-1.7067834,18.412271,0.6244175,1949.mp4,9
-1.1779635,18.796019,1.0020196,1950.mp4,9
7.020412,3.5944474,5.0241566,1951.mp4,12
0.4000848,7.1893044,3.950222,1952.mp4,23
-6.491084,-11.323576,-5.3441567,1953.mp4,16
-3.2086918,-1.8774705,0.9585616,1954.mp4,2
8.567681,-1.2427864,-5.8108435,1955.mp4,13
10.109567,-1.2369354,8.717139,1956.mp4,10
0.33761418,8.743339,-4.138259,1957.mp4,4
0.5017913,4.4511104,-8.430527,1958.mp4,12
1.7140833,-13.320282,-1.2585353,1959.mp4,5
8.076095,-4.910967,5.5903316,1960.mp4,10
-10.929707,-7.011478,2.015986,1961.mp4,2
1.1420331,11.270759,-7.409298,1962.mp4,4
-6.031908,-2.9143558,4.4207907,1963.mp4,2
9.83117,-1.3052119,-7.5886717,1964.mp4,8
-6.2461457,-9.320852,-7.235119,1965.mp4,16
-10.756919,5.59352,6.31734,1966.mp4,1
-2.4091775,4.4306026,-4.3252187,1967.mp4,0
0.8713524,19.770727,0.7004609,1968.mp4,9
-2.6801734,4.5476403,-7.212219,1969.mp4,12
-10.558261,-5.069679,-4.982903,1970.mp4,12
3.5321822,2.2257793,-7.7533145,1971.mp4,0
-1.2567313,2.7152674,13.404904,1972.mp4,15
4.53882,3.9928153,8.782669,1973.mp4,10
4.9401526,5.3629093,10.292038,1974.mp4,6
0.62509716,5.766527,16.987034,1975.mp4,15
-7.1233363,-2.1631215,-4.330215,1976.mp4,2
4.486322,4.0389605,8.833969,1977.mp4,10
-2.5342014,3.1054173,17.641731,1978.mp4,15
5.777043,-0.95272756,0.27776653,1979.mp4,13
3.6169379,1.2329099,-7.698019,1980.mp4,8
-0.90541565,18.011246,0.49987367,1981.mp4,9
-9.182038,8.907058,7.641717,1982.mp4,1
5.448963,8.30986,13.442766,1983.mp4,6
-0.100311115,2.916375,-2.1085224,1984.mp4,2
6.683863,-3.5459793,3.1436443,1985.mp4,10
2.4076936,11.090895,-7.7006493,1986.mp4,4
10.808546,-1.8508636,6.484492,1987.mp4,10
1.3768673,13.161914,-7.098575,1988.mp4,4
-1.464626,5.0750403,16.002932,1989.mp4,15
10.087949,-2.2873938,-4.5805087,1990.mp4,13
12.664308,-2.5981996,6.12438,1991.mp4,10
-5.3742304,-2.5441272,-5.0255556,1992.mp4,2
0.611075,18.551188,-0.0025618542,1993.mp4,9
-9.611022,-4.8889704,-4.181841,1994.mp4,14
-9.231893,-4.0215564,3.682638,1995.mp4,2
-4.045518,-2.4976332,7.5166874,1996.mp4,2
-4.4619417,3.6059172,0.098760776,1997.mp4,2
3.2382998,6.7203546,13.803888,1998.mp4,6
3.5383399,-1.8310254,-2.999802,1999.mp4,22
-9.817431,3.5760937,7.614035,2000.mp4,2
-11.076756,-7.1568336,-2.2070053,2001.mp4,2
-5.854594,5.7902117,4.7392406,2002.mp4,16
1.4809098,0.32476506,-3.860104,2003.mp4,0
10.796752,-2.542628,8.815996,2004.mp4,10
-4.463057,2.021853,4.3147364,2005.mp4,2
3.7507563,-2.3030438,-2.8361359,2006.mp4,22
-3.219397,4.4848723,16.355276,2007.mp4,15
10.100924,-2.039802,4.471349,2008.mp4,10
8.69685,-2.5309532,6.4184914,2009.mp4,10
12.276686,-2.1315837,7.954759,2010.mp4,10
3.3207312,-11.415272,-2.7710211,2011.mp4,5
11.609134,-5.616329,4.5898533,2012.mp4,10
-7.5401006,-9.598425,-5.763583,2013.mp4,16
3.9546077,0.58696127,4.1519747,2014.mp4,3
6.3910117,8.651877,13.991029,2015.mp4,6
5.1926355,3.3899748,8.628689,2016.mp4,10
-7.739857,2.9065046,5.488483,2017.mp4,2
10.317431,-2.308232,10.370387,2018.mp4,10
10.069832,-1.3053236,8.852926,2019.mp4,10
9.9794855,-3.781228,9.496341,2020.mp4,10
0.05844167,-2.1289625,-8.101722,2021.mp4,24
6.4641037,-1.5742476,-6.695818,2022.mp4,8
1.8701937,11.862763,-3.6634426,2023.mp4,4
9.158224,-2.66663,8.728993,2024.mp4,10
1.08971,7.2450237,-8.174968,2025.mp4,4
-5.848509,-1.8165568,-3.5316222,2026.mp4,2
2.9282668,6.6823454,12.9673815,2027.mp4,6
-0.1547499,9.811656,-3.8369763,2028.mp4,4
-7.2027225,-6.425235,-0.3157593,2029.mp4,2
2.3009892,6.557558,16.769615,2030.mp4,6
-2.9314592,-4.293938,5.130406,2031.mp4,2
-5.140429,-5.054232,0.53850657,2032.mp4,2
-2.7623315,-0.8566208,-5.5722966,2033.mp4,12
-5.066972,-10.026008,-6.2675242,2034.mp4,16
1.0065838,-12.640079,-1.1552008,2035.mp4,5
4.9702606,-2.3080997,4.2631693,2036.mp4,10
1.3989787,5.7386146,15.041925,2037.mp4,6
-1.5537319,-11.149485,-1.1496649,2038.mp4,2
-8.767878,-5.1499414,5.3943076,2039.mp4,2
-0.20379968,4.937605,-9.805783,2040.mp4,12
0.92087483,10.888267,-0.99575686,2041.mp4,21
-5.3499227,-1.9303974,5.1753564,2042.mp4,2
-2.6751132,1.5298891,-6.7562084,2043.mp4,12
-9.327845,5.002584,6.809226,2044.mp4,1
-3.389129,0.59776735,-3.0106688,2045.mp4,22
1.1482658,-1.5808682,-5.9952655,2046.mp4,2
5.557418,-5.151679,0.2494892,2047.mp4,10
6.257931,-2.475552,8.951962,2048.mp4,10
6.6517754,-3.7028155,3.4105947,2049.mp4,18
-1.2595264,-2.9423275,4.698922,2050.mp4,2
5.3499613,-2.2605538,8.297951,2051.mp4,2
5.3518705,0.7980922,-8.301254,2052.mp4,13
6.4599776,7.5625663,13.648819,2053.mp4,6
1.7491958,-2.8287246,1.5529289,2054.mp4,2
6.4476523,5.0521464,10.643676,2055.mp4,6
-9.965145,8.029399,7.317132,2056.mp4,1
-0.243832,-11.259408,-3.7344768,2057.mp4,16
5.9806194,-4.6003814,-1.3822911,2058.mp4,19
-6.040168,2.4317598,-2.5074496,2059.mp4,2
-9.762612,6.293797,7.433841,2060.mp4,1
-7.796738,-5.1970396,3.4927526,2061.mp4,2
8.121563,-4.7788925,5.598282,2062.mp4,10
6.930418,8.114832,14.2336445,2063.mp4,6
-5.2535086,-1.5451373,5.433876,2064.mp4,2
0.25415578,9.179198,-4.0272884,2065.mp4,4
6.7969046,-4.908392,2.0989006,2066.mp4,18
7.9017797,-3.790974,-4.711986,2067.mp4,8
2.5896416,1.9891107,-5.3309097,2068.mp4,0
9.188965,-3.967622,-2.809016,2069.mp4,8
-1.8507305,4.9428825,-1.8903753,2070.mp4,0
-7.493608,-7.2359776,4.3953156,2071.mp4,2
-8.391418,-7.352187,4.804458,2072.mp4,2
6.2410626,-2.903793,-5.170152,2073.mp4,8
6.0968537,9.40685,14.873976,2074.mp4,6
0.26490292,9.758826,-5.207802,2075.mp4,4
-2.259771,-3.0007432,0.7869665,2076.mp4,2
-9.750269,-9.376662,-1.5666556,2077.mp4,2
-0.707427,-2.1386747,-8.818623,2078.mp4,24
1.8558513,10.677017,-5.8201184,2079.mp4,4
5.6128526,-8.527175,-1.0931364,2080.mp4,20
6.001464,3.661184,9.430755,2081.mp4,10
2.0648615,11.830913,-8.789049,2082.mp4,4
-7.2277775,-5.2629824,3.8457508,2083.mp4,2
5.3504934,-7.384261,-0.19398479,2084.mp4,20
-5.2273526,-1.9415225,-0.43302393,2085.mp4,2
2.853355,0.541272,4.155928,2086.mp4,3
-1.0372373,-0.95234483,-9.032201,2087.mp4,24
-9.368043,5.0334516,7.137722,2088.mp4,1
5.4923644,8.560955,15.634809,2089.mp4,6
-4.0946198,-2.9017217,-2.0357523,2090.mp4,29
10.070129,-0.34331548,-8.648585,2091.mp4,8
-4.6971064,-1.8198837,-7.3658605,2092.mp4,24
-8.000203,5.8122244,6.766876,2093.mp4,1
-0.6808781,-5.541675,1.2897933,2094.mp4,2
-0.7293818,16.533697,1.1166103,2095.mp4,9
-13.294536,-10.3624525,-7.6014876,2096.mp4,14
-1.049258,-0.86576873,-9.045551,2097.mp4,24
0.777847,4.79854,17.26682,2098.mp4,15
-1.3395084,8.749047,-3.947803,2099.mp4,4
-6.786787,-3.5260909,1.5119519,2100.mp4,2
2.7468019,5.2920785,8.002461,2101.mp4,23
-10.267541,-11.010888,-4.889883,2102.mp4,14
0.56677115,4.804542,-8.162524,2103.mp4,12
-1.9878361,-0.30679563,6.671939,2104.mp4,2
0.9309552,10.661696,-1.426314,2105.mp4,21
9.898216,-0.938265,9.194695,2106.mp4,10
-0.44075,19.459738,0.10438537,2107.mp4,9
0.17427526,5.3486423,-8.803903,2108.mp4,12
6.5080404,-7.953819,-1.2871878,2109.mp4,20
3.0574605,6.655835,15.301826,2110.mp4,6
-5.922439,-4.9745445,5.399485,2111.mp4,2
-6.6375914,-9.765624,-1.3729334,2112.mp4,2
-7.6028495,-7.11631,2.1203816,2113.mp4,2
-12.19764,-7.380481,-3.0824955,2114.mp4,2
6.433699,-7.390332,-0.2983585,2115.mp4,20
11.576218,-5.1203938,4.9062757,2116.mp4,10
-10.583682,-9.526415,-3.0439951,2117.mp4,14
-9.379327,-10.77767,-7.0780253,2118.mp4,14
2.6607354,-12.032555,-1.2608604,2119.mp4,5
6.9170237,-5.668264,-7.07249,2120.mp4,27
9.375608,-0.6143396,-9.715507,2121.mp4,13
10.854621,-1.6956607,6.431787,2122.mp4,10
7.524648,-4.6998963,4.979736,2123.mp4,10
3.6754143,-1.9911027,-2.8512697,2124.mp4,22
-5.345311,1.5953809,-2.6798048,2125.mp4,2
0.88733125,8.815871,-3.8772445,2126.mp4,21
-5.515388,-9.43759,3.2801733,2127.mp4,2
0.6968968,10.802823,-1.3247826,2128.mp4,21
-2.726271,4.7027936,16.947304,2129.mp4,15
5.9586134,-5.268814,-5.1611323,2130.mp4,27
-10.539736,-8.97292,-2.5142884,2131.mp4,2
1.6514487,1.3951242,1.432274,2132.mp4,3
4.370248,6.7029443,12.953967,2133.mp4,6
-6.738951,-8.988458,3.4635983,2134.mp4,2
5.365011,-6.667645,-1.3971463,2135.mp4,22
0.9961142,-10.611365,-1.9584409,2136.mp4,7
-8.930372,-7.535081,-3.056055,2137.mp4,2
-4.2730055,-9.690933,-6.305351,2138.mp4,16
12.54906,-2.4238424,6.6654134,2139.mp4,10
-0.27969435,9.069111,-0.2914138,2140.mp4,21
5.832358,-2.0973985,7.958636,2141.mp4,10
4.255165,4.6668024,7.5166116,2142.mp4,10
-1.7856419,17.910055,-0.6438442,2143.mp4,9
5.478154,-0.35554022,-3.3997455,2144.mp4,5
-3.9668322,0.07105014,-6.094364,2145.mp4,12
-7.4061265,-6.9831076,3.0684693,2146.mp4,2
10.374028,-1.997799,10.314743,2147.mp4,10
2.3427975,-12.085205,-1.8041397,2148.mp4,5
0.260484,19.25953,-0.085133575,2149.mp4,9
-0.87203157,16.559706,-0.5097178,2150.mp4,9
7.949694,-4.3534894,6.056461,2151.mp4,10
10.307552,-1.376897,9.623075,2152.mp4,10
7.792855,-2.159401,0.2257552,2153.mp4,3
4.454721,-5.0578723,-4.4579897,2154.mp4,22
7.340581,0.3431795,7.216083,2155.mp4,10
5.1689534,-1.2748888,-2.5782552,2156.mp4,22
9.297775,0.12115083,6.7010555,2157.mp4,10
-9.7178,-8.407913,-4.069631,2158.mp4,2
5.4659076,-7.164701,-1.0716516,2159.mp4,20
3.0925918,1.3152723,2.1891825,2160.mp4,3
7.026675,-0.82616174,-4.244827,2161.mp4,8
6.738396,-0.8967874,-7.072367,2162.mp4,8
2.3079534,12.314686,-5.9109707,2163.mp4,4
4.1158876,2.959917,-4.323507,2164.mp4,22
3.704254,0.46789107,-4.618408,2165.mp4,22
-10.796662,-5.6542444,-2.8792036,2166.mp4,2
7.3873014,7.6387954,13.45049,2167.mp4,6
8.375167,-2.9439304,-3.3299782,2168.mp4,8
9.18712,-2.4475534,8.753318,2169.mp4,10
3.9344075,6.884375,15.011757,2170.mp4,6
-11.525294,-6.933424,-3.0386157,2171.mp4,2
2.0535834,9.999057,-6.2560472,2172.mp4,4
-9.044607,-5.876545,-2.3978791,2173.mp4,2
6.3466225,3.5517683,-1.6499771,2174.mp4,4
-8.019641,-5.1963887,-0.056968726,2175.mp4,2
2.657323,10.514167,-5.331625,2176.mp4,4
10.284331,-1.4170886,4.279843,2177.mp4,10
0.4562656,-0.027553326,1.3156912,2178.mp4,3
-6.696533,-7.8924246,4.781491,2179.mp4,2
7.4358697,7.362184,13.357067,2180.mp4,6
1.2325947,9.263803,-9.828418,2181.mp4,4
-12.293648,-7.3763695,-2.583144,2182.mp4,2
2.135393,-12.207014,-1.5576085,2183.mp4,5
-3.0517104,0.007925808,-0.7018551,2184.mp4,2
-1.3758892,-11.287571,-1.7167548,2185.mp4,12
